Company_Code,Company_Name,Article_Title,Article_Date,ESG_Relevance_Score,Is_ESG_Relevant,Matched_ESG_Keywords,Matched_Non_ESG_Keywords,Rejection_Reason,Analysis_Date
TCS,Tata Consultancy Services,"Infosys, TCS, other IT heavyweights drop 1%, IT index snaps 2-day gaining streak amid weak market Several IT stocks declined on May 27, pushing the Nifty IT index down into the red to snap its two-day",2025-05-27,-3,False,,"share price, nifty, sensex",Low ESG relevance or finance-only context,2026-09-03
TCS,Tata Consultancy Services,"TCS shares hit 52-week low on BSE, fall 0.8% Shares of Tata Consultancy Services (TCS) touched a 52-week low of Rs 3,055 on the BSE in early trade. At 9:36 am, the stock was trading down 0.8% on BSE. ",2025-07-29,-1,False,,nifty,Low ESG relevance or finance-only context,2026-09-03
TCS,Tata Consultancy Services,"Tata Consultancy Services shares fall 1.49% in today's session; over 18.4 lakh shares traded Shares of Tata Consultancy Services were trading lower at Rs 3,217.30 on the NSE, a decline of 1.49% from t",2025-07-14,0,False,,,Low ESG relevance or finance-only context,2026-09-03
TCS,Tata Consultancy Services,"Nifty IT index tops the chart after gaining Rs 1.16 lakh crore in value in nine sessions with eight up days The shares of TCS and Infosys were among the leading contributor on Sensex, as IT companies ",2025-06-16,-1,False,environment,"nifty, sensex",Low ESG relevance or finance-only context,2026-09-03
TCS,Tata Consultancy Services,"Tata Consultancy Services shares fall marginally in early trade Shares of Tata Consultancy Services were trading at Rs 3,028.50 on the NSE at 09:30 am, a marginal decline of 0.27% from the previous cl",2025-08-01,0,False,labor,nifty,Low ESG relevance or finance-only context,2026-09-03
TCS,Tata Consultancy Services,"Tata Consultancy Services shares fall marginally in afternoon trade Shares of Tata Consultancy Services were trading at Rs 3,189.90 in Friday's session, a decline of 0.60% from the previous close. The",2025-07-18,0,False,,,Low ESG relevance or finance-only context,2026-09-03
TCS,Tata Consultancy Services,"Nifty IT sharply down on selloff after Fed's inflation, tariff view; Wipro sole gainer on upgrade Shares of IT companies were sharply lower on June 19, after the US Federal Reserve kept key interest r",2025-06-19,-2,False,,"target price, nifty",Low ESG relevance or finance-only context,2026-09-03
TCS,Tata Consultancy Services,"Tata Consultancy Services shares fall 1.42%; among top losers on Nifty 50 Shares of Tata Consultancy Services declined by 1.42% to Rs 3,091.20 in Monday's session, making it among the top losers on Ni",2025-07-28,-1,False,,nifty,Low ESG relevance or finance-only context,2026-09-03
TCS,Tata Consultancy Services,"Buy Tata Consultancy Services; target of Rs 3900: Sharekhan Sharekhan's research report on Tata Consultancy Services  Reported revenue stood at $7,421 million, down 0.6% q-o-q/ 1.1% y-o-y, missing our",2025-07-11,0,False,,,Low ESG relevance or finance-only context,2026-09-03
TCS,Tata Consultancy Services,"Sensex settles nearly 600 pts lower, Nifty below 24,700: FII selling, rising India VIX among key factors behind market fall The equity benchmark indices Sensex and Nifty declined for the third day on ",2025-07-28,-4,False,,"intraday, resistance, nifty, sensex",Low ESG relevance or finance-only context,2026-09-03
TCS,Tata Consultancy Services,"Tata Consultancy Services shares decline marginally after change in last 1 hour Shares of Tata Consultancy Services were trading at Rs 3,055.10, a decline of 0.63% in Tuesday's session. According to d",2025-08-05,-1,False,,nifty,Low ESG relevance or finance-only context,2026-09-03
TCS,Tata Consultancy Services,"Sensex falls 700 pts, Nifty below 25,150: Selling in IT stocks among key factors behind market decline The benchmark stock indices Sensex and Nifty settled lower on Friday for the third session in a r",2025-07-11,-3,False,,"q1 results, nifty, sensex",Low ESG relevance or finance-only context,2026-09-03
TCS,Tata Consultancy Services,"Tata Consultancy Services shares fall 0.76% in early trade Shares of Tata Consultancy Services were trading lower in Monday's session. At 09:30 am, the stock was priced at Rs 3,241.10 on the NSE, a de",2025-07-14,0,False,,,Low ESG relevance or finance-only context,2026-09-03
TCS,Tata Consultancy Services,"Tata Consultancy Services shares trade marginally up; over 6.5 lakh shares traded Shares of Tata Consultancy Services were trading higher in Tuesday's session. At 10:20 am, the stock was priced at Rs ",2025-07-15,0,False,,,Low ESG relevance or finance-only context,2026-09-03
TCS,Tata Consultancy Services,"Tata Consultancy Services share price falls in early trade Shares of Tata Consultancy Services were trading lower in Monday's morning session, with the stock currently priced at Rs 3,242, a decline of",2025-07-14,-1,False,,share price,Low ESG relevance or finance-only context,2026-09-03
TCS,Tata Consultancy Services,"Tata Consultancy Services shares fall 0.58% in early trade Shares of Tata Consultancy Services were trading lower in Wednesday's session, with the stock priced at Rs 3,046.20, a 0.58% decrease from th",2025-08-06,-1,False,,stock price,Low ESG relevance or finance-only context,2026-09-03
TCS,Tata Consultancy Services,"Markets at 5-week high: Sensex soars 900 pts, Nifty above 23,200 on Fed boost; all sectors in green Benchmark equity indices surged over 1 percent on Thursday, with the Nifty reclaiming the crucial 23",2025-03-20,-4,False,,"intraday, resistance, nifty, sensex",Low ESG relevance or finance-only context,2026-09-03
TCS,Tata Consultancy Services,"Tata Sons plans $400-mn fund infusion into struggling e-commerce biz Tata Digital Tata Sons, the holding company at the helm of the $100-billion Tata group, is preparing to inject a crucial dose of ca",2025-07-17,0,False,,,Low ESG relevance or finance-only context,2026-09-03
TCS,Tata Consultancy Services,"Sensex falls 400 pts from day's high, Nifty below 24,850: 3 reasons behind market decline The equity benchmark indices erased early gains and turned lower by noon on Wednesday as geopolitical tensions",2025-06-18,-2,False,,"nifty, sensex",Low ESG relevance or finance-only context,2026-09-03
TCS,Tata Consultancy Services,"Trade Spotlight: How should you trade TCS, Cipla, Torrent Pharma, NCC, Paytm, SBI Life Insurance, UPL, Syrma SGS Technology and others on July 29? Equity benchmarks started off the monthly F&amp;amp;O",2025-07-29,-3,False,,"candlestick, support level, nifty",Low ESG relevance or finance-only context,2026-09-03
TCS,Tata Consultancy Services,"IT, metal, realty stocks tumble up to 4% as Trump's tariffs, FOMC meet outcome weigh The shares of IT, metal and realty companies tumbled in morning trade on July 31 as Trump’s tariffs and penalty on ",2025-07-31,0,False,"environment, penalty","nifty, sensex",Low ESG relevance or finance-only context,2026-09-03
TCS,Tata Consultancy Services,"Sensex, Nifty hit eight-month low on US growth concerns; banking, IT stocks take a hit India's benchmark indexes slumped to their lowest levels in eight months, down 0.9 percent by noon on February 24",2025-02-24,-3,False,green energy,"target price, intraday, nifty, sensex",Low ESG relevance or finance-only context,2026-09-03
TCS,Tata Consultancy Services,"Tata Consultancy Services shares gain 0.44% in morning trade Shares of Tata Consultancy Services were trading higher in Tuesday's session. The stock is currently trading at Rs 3,236.80 on the NSE, a 0",2025-07-15,0,False,,,Low ESG relevance or finance-only context,2026-09-03
TCS,Tata Consultancy Services,"Persistent, TechM, other IT stocks drop up to 4% amid escalating US-China trade tensions The shares of IT companies tumbled on June 2 amid escalating trade tensions between US and China. The sharp fal",2025-06-02,-2,False,,"share price, nifty",Low ESG relevance or finance-only context,2026-09-03
TCS,Tata Consultancy Services,"Tata Consultancy Services share price declines nearly 1% in previous session Shares of Tata Consultancy Services (TCS) closed at Rs 3,148 in the previous session, a decline of 0.98% and the stock is i",2025-07-25,-2,False,,"share price, nifty",Low ESG relevance or finance-only context,2026-09-03
TCS,Tata Consultancy Services,"Sensex plunges 800 pts, Nifty below 24k as Pahalgam attack fuels geopolitical jitters; small, midcap indices fall 3% The Indian stock market is under pressure on April 25, continuing with losses after",2025-04-25,-3,False,,"intraday, nifty, sensex",Low ESG relevance or finance-only context,2026-09-03
TCS,Tata Consultancy Services,"Sensex jumps 500 pts, Nifty above 24,500: Sharp fall in crude, other key factors behind market rally The equity benchmark indices Sensex and Nifty surged in early trade on Monday amid sustained foreig",2025-05-05,-4,False,,"intraday, candlestick, nifty, sensex",Low ESG relevance or finance-only context,2026-09-03
TCS,Tata Consultancy Services,"Auto, IT stocks in red amid tariff uncertainty; Maruti Suzuki, Tech Mahindra shares down up to 2% The shares of auto and IT companies dropped on July 7 as uncertainties around higher US tariffs and no",2025-07-07,-2,False,,"share price, nifty",Low ESG relevance or finance-only context,2026-09-03
TCS,Tata Consultancy Services,"Tech Mahindra loses 622 employees in Q1, third consecutive quarter of decline IT services major Tech Mahindra's headcount decreased by 622 sequentially in the first quarter ended June 30, 2025. This i",2025-07-16,-1,False,,q1 results,Low ESG relevance or finance-only context,2026-09-03
TCS,Tata Consultancy Services,"Nifty IT rallies one percent, snapping a two-day fall on strong Nvidia Q1, ruling against Trump tariffs The shares of IT companies surged on May 29 after US chipmaker Nvidia posted strong Q1 results a",2025-05-29,-2,False,,"q1 results, nifty",Low ESG relevance or finance-only context,2026-09-03
TCS,Tata Consultancy Services,"Tata Consultancy Services share price falls 1.03% in today's session Shares of Tata Consultancy Services (TCS) were trading lower in Monday's session, with the stock priced at Rs 3,156.90, a 1.03 perc",2025-07-21,-1,False,labor,"share price, stock price",Low ESG relevance or finance-only context,2026-09-03
TCS,Tata Consultancy Services,"Sensex falls 300 pts, Nifty below 24,750 on renewed tariff concerns; Auto, Metal, IT drag The equity benchmarks Sensex and Nifty extended losses by noon after a flat start on Friday amid weak global c",2025-05-30,-2,False,,"nifty, sensex",Low ESG relevance or finance-only context,2026-09-03
TCS,Tata Consultancy Services,"CLSA says Q3 earnings stronger-than-expected, despite consensus doubts The earnings show for the three months ended December 2024 was better than expected, noted Hong Kong-based brokerage CLSA, sharin",2025-02-24,-1,False,labor,"brokerage, nifty",Low ESG relevance or finance-only context,2026-09-03
TCS,Tata Consultancy Services,"IT shares snap three-day gaining streak ahead of US Fed meet; Coforge, TCS, others fall up to 1.5% The shares of several IT companies dropped on June 18, pushing the Nifty IT index down over half a pe",2025-06-18,-2,False,,"nifty, sensex",Low ESG relevance or finance-only context,2026-09-03
TCS,Tata Consultancy Services,"Sensex sheds 500 pts, Nifty below 25,000: Weak Axis Bank Q1 earnings among key factors behind market decline The benchmark equity indices declined sharply on Friday, dragged by weak earnings from Axis",2025-07-18,-4,False,,"intraday, resistance, nifty, sensex",Low ESG relevance or finance-only context,2026-09-03
TCS,Tata Consultancy Services,"Tata Consultancy Services shares fall in early trade Shares of Tata Consultancy Services were trading at Rs 3,239.10 on the NSE, down 0.41% in Wednesday's session. The stock price experienced a decrea",2025-07-16,0,False,labor,stock price,Low ESG relevance or finance-only context,2026-09-03
TCS,Tata Consultancy Services,"Tata Consultancy Services share price trades marginally higher in today's session Shares of Tata Consultancy Services were trading marginally higher at Rs 3,055.40 on Thursday in the afternoon session",2025-07-31,0,False,labor,share price,Low ESG relevance or finance-only context,2026-09-03
TCS,Tata Consultancy Services,"TCS hires US-based firm to recruit contractual workers, says report IT major Tata Consultancy Services (TCS) has hired a US-based firm to deal with its staffing vendors for contract workers, Mint repo",2025-08-05,0,False,,,Low ESG relevance or finance-only context,2026-09-03
TCS,Tata Consultancy Services,"TCS job cuts worry brokerages as execution, attrition concerns emerge, stock slips Information technology giant Tata Consultancy Services Ltd (TCS) shares slipped in trade on Monday, July 28, after Mo",2025-07-28,-2,False,,"target price, brokerage",Low ESG relevance or finance-only context,2026-09-03
TCS,Tata Consultancy Services,"Tata Consultancy Services shares fall 1.11% in today's session; over 3.8 lakh shares traded Shares of Tata Consultancy Services were trading lower in Wednesday's session, with the stock priced at Rs 3",2025-08-06,-1,False,,stock price,Low ESG relevance or finance-only context,2026-09-03
TCS,Tata Consultancy Services,"Tata Consultancy Services shares decline marginally in today's session; over 25 lakh shares traded Shares of Tata Consultancy Services were trading at Rs 3,193.10 on the Nifty 50, down 0.50% from the ",2025-07-18,-1,False,,nifty,Low ESG relevance or finance-only context,2026-09-03
TCS,Tata Consultancy Services,"Tata Consultancy Services shares fall 1.07% in today's session; over 30.7 lakh shares traded Shares of Tata Consultancy Services declined by 1.07% to Rs 3,046.30 in Tuesday's session, with over 30.7 l",2025-07-29,-1,False,,nifty,Low ESG relevance or finance-only context,2026-09-03
TCS,Tata Consultancy Services,"LTI Mindtree, TechM surge 2% as IT index rallies on a rangebound day: What's pushing IT higher Shares of IT companies sharply ended higher on April 29, sharply off lows on hopes of easing trade tensio",2025-04-29,-4,False,environment,"share price, stock price, brokerage, q4 results, nifty",Low ESG relevance or finance-only context,2026-09-03
TCS,Tata Consultancy Services,"Tata Consultancy Services share price rises marginally in today's session Shares of Tata Consultancy Services were trading with a positive bias in Monday's session. At 10:30 am, the stock was priced a",2025-08-04,0,False,labor,share price,Low ESG relevance or finance-only context,2026-09-03
TCS,Tata Consultancy Services,"Sensex falls nearly 350 points, Nifty below 25,400: IT losses among key factors behind market decline The benchmark stock indices Sensex and Nifty traded lower on Thursday, as losses in IT stocks as c",2025-07-10,-3,False,,"q1 results, nifty, sensex",Low ESG relevance or finance-only context,2026-09-03
TCS,Tata Consultancy Services,"TCS, HCL Tech, M&M see heavy trading volumes amid market downturn The stocks of Tata Consultancy Services (TCS), HCL Tech, Mahindra &amp;amp; Mahindra (M&amp;amp;M), Larsen &amp;amp; Toubro (L&amp;amp",2025-02-24,-4,False,,"share price, trading volume, nifty, sensex",Low ESG relevance or finance-only context,2026-09-03
TCS,Tata Consultancy Services,"Persistent Systems, Infosys, other IT shares drop up to 2% as trade, geopolitical tensions weigh The shares of major IT players dropped on June 12 after uncertain US tariff rules and geopolitical tens",2025-06-12,0,False,labor,nifty,Low ESG relevance or finance-only context,2026-09-03
TCS,Tata Consultancy Services,"Trade Spotlight: How should you trade Biocon, Swiggy, Kotak Mahindra Bank, Apollo Hospitals, SJS Enterprises, TCS, Oberoi Realty, and others on June 17? Equity benchmarks shrugged off the Israel-Iran ",2025-06-17,-1,False,labor,"candlestick, nifty",Low ESG relevance or finance-only context,2026-09-03
TCS,Tata Consultancy Services,"Infosys targetting everything to be AI-first, hiring to support guidance: CEO Salil Parekh amid TCS layoffs IT major Infosys will continue to hire in order to support the growth guidance, and will dev",2025-07-30,0,False,,,Low ESG relevance or finance-only context,2026-09-03
TCS,Tata Consultancy Services,"Tata Consultancy Services shares trade flat in Wednesday's session Tata Consultancy Services shares were trading at Rs 3,058.90 on Wednesday at 09:30 am, reflecting a marginal increase of 0.09% from t",2025-07-30,-1,False,,nifty,Low ESG relevance or finance-only context,2026-09-03
TCS,Tata Consultancy Services,"Tata Consultancy Services share price falls 3.37%; among top losers on Nifty 50 Shares of Tata Consultancy Services declined by 3.37% to Rs 3,268.10, making it one of the top losers on the Nifty 50 du",2025-07-11,-2,False,,"share price, nifty",Low ESG relevance or finance-only context,2026-09-03
TCS,Tata Consultancy Services,"Tata Consultancy Services shares fall 0.71% in morning trade; over 8.4 lakh shares traded Shares of Tata Consultancy Services were trading lower in Monday's session. At 10:20 am, the stock was priced ",2025-07-14,0,False,,,Low ESG relevance or finance-only context,2026-09-03
TCS,Tata Consultancy Services,"Tata Consultancy Services shares fall 0.98% in morning trade Shares of Tata Consultancy Services were trading lower at Rs 3,049 on the NSE, a decline of 0.98% from the previous close, during morning t",2025-07-29,-2,False,,"stock price, nifty",Low ESG relevance or finance-only context,2026-09-03
TCS,Tata Consultancy Services,"Coforge, Mphasis, other IT shares rise up to 4% on optimism over US-China trade talks The shares of IT companies are higher on June 10, pushing the Nifty IT index up over 1.5 percent to emerge as the ",2025-06-10,-4,False,,"share price, target price, brokerage, nifty",Low ESG relevance or finance-only context,2026-09-03
TCS,Tata Consultancy Services,Tata Consultancy Services share extends fall in Monday's trading session Shares of Tata Consultancy Services were trading down by over 1.5 percent in Monday’s trading session. The stock touched a high,2025-07-14,0,False,,,Low ESG relevance or finance-only context,2026-09-03
TCS,Tata Consultancy Services,"Tata Consultancy Services shares fall 1.55% in early trade Shares of Tata Consultancy Services declined by 1.55% to Rs 3,087.20 in early trade on Monday. The stock's decline reflects a bearish sentime",2025-07-28,0,False,,,Low ESG relevance or finance-only context,2026-09-03
TCS,Tata Consultancy Services,"Tata Consultancy Services shares gain about 1% in yesterday's trading Shares of Tata Consultancy Services (TCS) saw a positive movement in Tuesday's session, with the stock price increasing by 0.92% t",2025-07-16,-2,False,,"stock price, nifty",Low ESG relevance or finance-only context,2026-09-03
TCS,Tata Consultancy Services,"Tata Consultancy Services shares fall 0.56% in today's session; over 10.6 lakh shares traded Shares of Tata Consultancy Services were trading lower in Thursday's session, with the stock priced at Rs 3",2025-07-24,-2,False,,"stock price, trading volume",Low ESG relevance or finance-only context,2026-09-03
TCS,Tata Consultancy Services,"Tata Consultancy Services shares snap losing streak; stock among top gainers on Nifty 50 Tata Consultancy Services snaps its losing streak, emerging as one of the top gainers on Nifty 50 in Tuesday's ",2025-07-15,-1,False,,nifty,Low ESG relevance or finance-only context,2026-09-03
TCS,Tata Consultancy Services,"Sensex down nearly 700 pts, Nifty below 22,650; bank, IT stocks drag; mid-, small-cap indices fall over 1% Indian benchmark indexes Sensex and Nifty opened lower on February 24, tracking a global mark",2025-02-24,-2,False,green energy,"resistance, nifty, sensex",Low ESG relevance or finance-only context,2026-09-03
TCS,Tata Consultancy Services,"Tata Consultancy Services shares trade flat after change in last 1 hour Tata Consultancy Services shares were trading at Rs 3,158.50, a marginal increase of 0.01% in Tuesday's session. According to re",2025-07-22,0,False,,,Low ESG relevance or finance-only context,2026-09-03
TCS,Tata Consultancy Services,"Tata Consultancy Services stock among top gainers on Nifty 50 with modest rise Shares of Tata Consultancy Services saw marginal gains in Friday's session, with the stock trading at Rs 3,149. At 10:10 ",2025-07-25,-2,False,,"intraday, nifty",Low ESG relevance or finance-only context,2026-09-03
TCS,Tata Consultancy Services,"'Sholay days of IT are over': CP Gurnani says TCS layoffs show focus towards outcome, not headcount CP Gurnani, IT industry veteran and former CEO of Tech Mahindra, said layoffs at TCS imply that the ",2025-07-28,0,False,,,Low ESG relevance or finance-only context,2026-09-03
TCS,Tata Consultancy Services,Tata Consultancy Services shares rise over 0.5% in Wednesday's session Shares of Tata Consultancy Services experienced a gain of 0.51% during Wednesday's trading session. This increase reflects a chan,2025-07-23,-1,False,,nifty,Low ESG relevance or finance-only context,2026-09-03
TCS,Tata Consultancy Services,"Tata Consultancy Services shares decline 1.03% in Monday's trading session Shares of Tata Consultancy Services (TCS) fell by 1.03% to Rs 3,103.40 in Monday's session. The stock's movement reflects a d",2025-07-28,0,False,,,Low ESG relevance or finance-only context,2026-09-03
TCS,Tata Consultancy Services,"Trent, BEL to join 30-share Sensex today, Nestle India, IndusInd Bank excluded Shares of retail giant Trent Ltd. and PSU firm Bharat Electronics Ltd. (BEL) will  added to the 30-pack benchmark index S",2025-06-20,-1,False,inclusion,"intraday, sensex",Low ESG relevance or finance-only context,2026-09-03
TCS,Tata Consultancy Services,"Tech Mahindra, Infosys, other IT stocks tumble on concerns over US' fiscal deficit The shares of IT companies tumbled on May 22, tracking Wall Street peers over concerns of possible widening of US' fe",2025-05-22,-2,False,,"nifty, sensex",Low ESG relevance or finance-only context,2026-09-03
TCS,Tata Consultancy Services,"Sensex drops 850 pts, Nifty below 22,600, hits 8-month low on US growth concerns; Nifty IT sinks nearly 3% Sensex and Nifty extended their losing streak to a fifth straight session, plunging to an eig",2025-02-24,-4,False,green energy,"target price, intraday, resistance, nifty, sensex",Low ESG relevance or finance-only context,2026-09-03
TCS,Tata Consultancy Services,"Tata Consultancy Services shares fall 0.47% in today's session; over 3.3 lakh shares traded Shares of Tata Consultancy Services were trading at Rs 3,022.40 on the NSE, a decrease of 0.47% from the pre",2025-08-01,-1,False,,trading volume,Low ESG relevance or finance-only context,2026-09-03
TCS,Tata Consultancy Services,IT stocks drop up to 1.5% ahead of TCS Q1 results tomorrow The shares of IT companies declined in trade on July 9 as investors actively awaited the release of the first set to Q1 FY26 results from the,2025-07-09,-2,False,environment,"share price, q1 results, nifty",Low ESG relevance or finance-only context,2026-09-03
TCS,Tata Consultancy Services,"Infosys, TechM, others up 2% as US Fed chief Powell's testimony spurs rate cut bets Shares of IT companies were higher on June 25 as market participants saw US Federal Reserve Chair Jerome Powell's te",2025-06-25,-1,False,labor,"share price, nifty",Low ESG relevance or finance-only context,2026-09-03
TCS,Tata Consultancy Services,"Coforge, HCL Tech, other IT names rise up to 3% on hopes of early Fed rate cut, Nasdaq rally The Nifty IT index is higher on June 27, tracking Wall Street peers on rising hopes of a US Fed rate cut so",2025-06-27,-1,False,,nifty,Low ESG relevance or finance-only context,2026-09-03
TCS,Tata Consultancy Services,"Tata Consultancy Services shares gain 0.26% in early trade Tata Consultancy Services shares are trading at Rs 3,241.40, up 0.26% in Thursday's early session. The stock is showing marginal positive mov",2025-07-17,-1,False,,nifty,Low ESG relevance or finance-only context,2026-09-03
TCS,Tata Consultancy Services,Tata Consultancy Services shares decline 1.17%; stock among top losers on Nifty 50 Shares of Tata Consultancy Services were among the top losers on the Nifty 50 in Monday's trading session. At 10:10 a,2025-07-28,-1,False,,nifty,Low ESG relevance or finance-only context,2026-09-03
TCS,Tata Consultancy Services,"Sensex surges 300 pts from day's low, Nifty above 25,200: 3 key reasons behind market rise The equity benchmark indices Sensex and Nifty settled marginally higher on Wednesday, rebounding from early l",2025-07-16,-4,False,,"intraday, q1 results, nifty, sensex",Low ESG relevance or finance-only context,2026-09-03
TCS,Tata Consultancy Services,"Tata Consultancy Services shares fall 0.61% in today's session; over 5.9 lakh shares traded Tata Consultancy Services shares were trading at Rs 3,232.60 on the NSE, a decline of 0.61% from the previou",2025-07-16,0,False,,,Low ESG relevance or finance-only context,2026-09-03
TCS,Tata Consultancy Services,"Tata Consultancy Services shares fall marginally in today's session; over 16.1 lakh shares traded Shares of Tata Consultancy Services were trading at Rs 3,165.50 on the NSE, a marginal decline of 0.76",2025-07-21,-1,False,,trading volume,Low ESG relevance or finance-only context,2026-09-03
TCS,Tata Consultancy Services,"TCS to roll out wage hikes after announcing plans to cut 12,000 jobs. Check details Tata Consultancy Services, India’s largest IT services firm, on August 6 announced wage hike for its staff starting ",2025-08-07,0,False,,,Low ESG relevance or finance-only context,2026-09-03
TCS,Tata Consultancy Services,"Sensex declines over 200 pts, Nifty below 25,100: Selling in IT stocks among key factors behind market decline The equity benchmarks Sensex and Nifty declined for the fourth straight day on Monday ami",2025-07-14,-3,False,,"intraday, nifty, sensex",Low ESG relevance or finance-only context,2026-09-03
TCS,Tata Consultancy Services,"Sensex soars 450 pts, Nifty above 25,200: Easing inflation, IT buying, other key factors behind market rebound The benchmark equity indices Sensex and Nifty bounced back on Tuesday after four consecut",2025-07-15,-4,False,,"intraday, q1 results, nifty, sensex",Low ESG relevance or finance-only context,2026-09-03
TCS,Tata Consultancy Services,"Chartist Talk: Rahul Ghose sees choppy August for Nifty, expects continued Bank Nifty outperformance Rahul Ghose, founder and chief executive of Octanom Tech and Hedged, expects the choppy trade for t",2025-08-03,-1,False,"environment, safety","resistance, support level, nifty",Low ESG relevance or finance-only context,2026-09-03
TCS,Tata Consultancy Services,"Sensex crashes over 500 pts, Nifty below 25,000: US strikes on Iran among key factors behind market decline The equity benchmark indices declined sharply on Monday amid rising geopolitical tensions in",2025-06-23,-2,False,,"nifty, sensex",Low ESG relevance or finance-only context,2026-09-03
TCS,Tata Consultancy Services,Trump's tariff scare spooks Dalal Street: Three stocks that bled the most on Sensex The selling pressure on Dalal Street - induced by US President Trump's tariff scare - saw a cut of over 500 points o,2025-02-10,-3,False,,"share price, trading volume, sensex",Low ESG relevance or finance-only context,2026-09-03
TCS,Tata Consultancy Services,"Tata Consultancy Services shares trade flat in today's session; over 15.9 lakh shares traded Tata Consultancy Services shares were trading flat in Friday's session, with the stock currently priced at ",2025-08-08,-1,False,,nifty,Low ESG relevance or finance-only context,2026-09-03
TCS,Tata Consultancy Services,"Tata Consultancy Services shares fall marginally in today's session Shares of Tata Consultancy Services were trading at Rs 3,020.20 on Thursday, down by 0.40% from the previous close, at 12:00 pm. The",2025-08-07,-1,False,,nifty,Low ESG relevance or finance-only context,2026-09-03
TCS,Tata Consultancy Services,"Coforge, HCL Tech, Wipro, other IT shares jump up to 7% amid hopes of easing trade tensions The shares of IT companies strongly surged on April 23 after US President Donald Trump hinted at slashing ta",2025-04-23,-3,False,,"share price, q4 results, nifty",Low ESG relevance or finance-only context,2026-09-03
TCS,Tata Consultancy Services,"Sensex falls 200 pts, Nifty below 25,500 amid caution ahead of India-US trade deal, Q1 earnings announcement; metal, IT stocks decline The equity benchmark indices closed lower on Wednesday as investo",2025-07-09,-2,False,,"nifty, sensex",Low ESG relevance or finance-only context,2026-09-03
TCS,Tata Consultancy Services,"Pharma, IT stocks tumble up to 4% as Trump tariffs take effect The shares of pharma and IT companies tumbled on March 4 as US President Donald Trump's tariffs on Canada and Mexico came into effect, wh",2025-03-04,-1,False,labor,"share price, nifty",Low ESG relevance or finance-only context,2026-09-03
TCS,Tata Consultancy Services,"Sensex slips over 1,000 pts, Nifty below 24,500: Rising US bond yields among key factors behind market sell-off The benchmark equity indices tumbled over 1 percent on Thursday, tracking a sharp sell-o",2025-05-22,0,False,"sustainability, sustainable","nifty, sensex",Low ESG relevance or finance-only context,2026-09-03
TCS,Tata Consultancy Services,"Tata Consultancy Services share price trades flat; hits intraday high of Rs 3,059.80 Tata Consultancy Services shares were trading flat in Friday's session, with the stock currently priced at Rs 3,041",2025-08-08,-2,False,,"share price, intraday",Low ESG relevance or finance-only context,2026-09-03
TCS,Tata Consultancy Services,"Sensex falls 400 pts, Nifty at 23,200: Trump’s reciprocal tariffs among key factors to rattle markets Benchmark indices Sensex and Nifty slipped in early trade on Thursday, tracking weak global cues a",2025-04-03,-3,False,,"candlestick, nifty, sensex",Low ESG relevance or finance-only context,2026-09-03
TCS,Tata Consultancy Services,"Infosys Q1 preview: 5 key factors to watch for As Infosys gets ready to announce its first quarter results on July 23, investors will be closely tracking signs of a turnaround at India’s second-larges",2025-07-22,0,False,environment,brokerage,Low ESG relevance or finance-only context,2026-09-03
TCS,Tata Consultancy Services,"Tata Consultancy Services shares see moderate fall in Thursday's session Shares of Tata Consultancy Services were trading at Rs 3,020.30 on the NSE, a decline of 0.40% in Thursday's session. The stock",2025-08-07,0,False,,,Low ESG relevance or finance-only context,2026-09-03
TCS,Tata Consultancy Services,"Sensex crashes 1,500 pts, Nifty below 23,150: US tariff worries among key factors weighing on markets Equity benchmark indices declined sharply on Tuesday, led by IT and real estate stocks, as concern",2025-04-01,-3,False,,"brokerage, nifty, sensex",Low ESG relevance or finance-only context,2026-09-03
TCS,Tata Consultancy Services,"Tata Consultancy Services shares fall marginally; over 11.7 lakh shares traded Tata Consultancy Services shares traded at Rs 3,043.10, a marginal decline of 0.13% in Friday's session. A total of 1,174",2025-08-08,-2,False,,"trading volume, nifty",Low ESG relevance or finance-only context,2026-09-03
TCS,Tata Consultancy Services,"April may be the best month for stocks, February the bleakest: Here’s why Wall Street often kicks off the year with a 'January effect' when shares rise more than any other month, but back home, an 'Ap",2025-05-30,0,False,,,Low ESG relevance or finance-only context,2026-09-03
TCS,Tata Consultancy Services,"TCS, Wipro shares fall up to 4% after Jefferies' IT downgrade citing tariff hit on US growth Top IT shares were among the leading laggards on the benchmark Sensex, with Trump's reciprocal tariffs kick",2025-04-09,-4,False,,"target price, buy call, brokerage, sensex",Low ESG relevance or finance-only context,2026-09-03
TCS,Tata Consultancy Services,"Sensex, Nifty end flat for 3rd session; heavyweights offset pharma losses; broader market rise up to 2% Sensex and Nifty ended flat for the third session in a row ahead of the FOMC meeting minutes, se",2025-02-19,-2,False,,"nifty, sensex",Low ESG relevance or finance-only context,2026-09-03
TCS,Tata Consultancy Services,"Sensex, Nifty flat ahead of FOMC minutes; mid-, small-cap indices drop up to 2% Sensex and Nifty flattened by midday on February 19 after opening lower, as investors remained cautious about stretched ",2025-02-19,-2,False,,"nifty, sensex",Low ESG relevance or finance-only context,2026-09-03
TCS,Tata Consultancy Services,"Sensex, Nifty close lower for 8th session; all 13 sectoral indices in red, broader markets crash up to 3% Sensex and Nifty fell for the eighth session for the first time in two years on February 14, a",2025-02-14,-4,False,,"resistance, support level, nifty, sensex",Low ESG relevance or finance-only context,2026-09-03
TCS,Tata Consultancy Services,"Real estate shares continue to fall for 5th day, decline up to 6%; weak Q1 results of Lodha, TCS layoffs weigh The shares of real estate companies recorded significant losses on July 28, as weak earni",2025-07-28,-4,False,,"share price, intraday, q1 results, nifty",Low ESG relevance or finance-only context,2026-09-03
TCS,Tata Consultancy Services,"Nifty Realty drops 1.4%, extends losses for third day: 5 reasons behind sector-wide sell-off Real estate stocks recorded significant losses on August 7, pushing the Nifty Realty index down 1.4 percent",2025-08-07,-2,False,,"share price, nifty",Low ESG relevance or finance-only context,2026-09-03
TCS,Tata Consultancy Services,"Chartist Talks: SBI Sec’s Sudeep Shah bullish on 4 stocks, but signals avoid for telecom stock, sees this bank at overbought zone after 81% rally Sudeep Shah of SBI Securities is bullish on EID Parry ",2025-07-13,-2,False,,"resistance, nifty",Low ESG relevance or finance-only context,2026-09-03
INFY,Infosys,"Infosys, TCS, other IT heavyweights drop 1%, IT index snaps 2-day gaining streak amid weak market Several IT stocks declined on May 27, pushing the Nifty IT index down into the red to snap its two-day",2025-05-27,-3,False,,"share price, nifty, sensex",Low ESG relevance or finance-only context,2026-09-03
INFY,Infosys,"From Ather Energy to Vodafone: Here is what MFs bought, sold and added in April Mutual funds continued to reshuffle their equity portfolios in April, increasing exposure to sectors such as telecom, mi",2025-05-16,-1,False,,nifty,Low ESG relevance or finance-only context,2026-09-03
INFY,Infosys,"Nifty IT index tops the chart after gaining Rs 1.16 lakh crore in value in nine sessions with eight up days The shares of TCS and Infosys were among the leading contributor on Sensex, as IT companies ",2025-06-16,-1,False,environment,"nifty, sensex",Low ESG relevance or finance-only context,2026-09-03
INFY,Infosys,"Stocks to Watch Today: PNB Housing, JSW Energy, Maruti Suzuki, M&M, Paras Defence, Federal Bank, Eternal, Mobikwik, NMDC, NCC in focus on 2 May Let's catch up on the latest news from the stock market.",2025-05-02,0,False,,,Low ESG relevance or finance-only context,2026-09-03
INFY,Infosys,"Nifty IT sharply down on selloff after Fed's inflation, tariff view; Wipro sole gainer on upgrade Shares of IT companies were sharply lower on June 19, after the US Federal Reserve kept key interest r",2025-06-19,-2,False,,"target price, nifty",Low ESG relevance or finance-only context,2026-09-03
INFY,Infosys,"Sensex declines 300 pts, Nifty below 24,650: Trump's renewed tariff threat among key factors behind market fall The benchmark equity indices Sensex and Nifty traded lower on Tuesday, dragged down by s",2025-08-05,-3,False,,"resistance, nifty, sensex",Low ESG relevance or finance-only context,2026-09-03
INFY,Infosys,"Black Friday: Sensex crashes over 1,000 pts, Nifty sinks below 22,900; Trump tariffs among key factors to spook markets Equity markets witnessed a sharp sell-off on Friday, with benchmark indices fall",2025-04-04,-5,False,,"intraday, resistance, support level, nifty, sensex",Low ESG relevance or finance-only context,2026-09-03
INFY,Infosys,"Sensex jumps 550 pts from day's low, Nifty above 22,650: Decline in oil prices among key factors behind market rally Sensex and Nifty witnessed an uptrend on Monday morning, following firm trends in A",2025-03-10,-5,False,,"intraday, candlestick, support level, nifty, sensex",Low ESG relevance or finance-only context,2026-09-03
INFY,Infosys,"Sensex zooms 2,975 pts, Nifty above 24,900: India-Pak ceasefire among key factors behind massive market rally The domestic equity benchmarks rebounded sharply on Monday, with the Sensex rallying 2,975",2025-05-12,-3,False,,"intraday, nifty, sensex",Low ESG relevance or finance-only context,2026-09-03
INFY,Infosys,"Sensex, Nifty fall 0.5% each; 12 of 13 sectoral indices in the red, broader markets underperform The Sensex and Nifty slipped half a percent around noon on March 3, dragged down by oil &amp;amp; gas a",2025-03-03,-3,False,,"brokerage, nifty, sensex",Low ESG relevance or finance-only context,2026-09-03
INFY,Infosys,"IT, metal, realty stocks tumble up to 4% as Trump's tariffs, FOMC meet outcome weigh The shares of IT, metal and realty companies tumbled in morning trade on July 31 as Trump’s tariffs and penalty on ",2025-07-31,0,False,"environment, penalty","nifty, sensex",Low ESG relevance or finance-only context,2026-09-03
INFY,Infosys,"Sensex jumps 600 pts, Nifty above 23,300: Positive global cues ahead of US tariffs among key factors behind market rally Benchmark indices Sensex and Nifty surged in early trade on Wednesday, recoveri",2025-04-02,-3,False,,"support level, nifty, sensex",Low ESG relevance or finance-only context,2026-09-03
INFY,Infosys,"Sensex, Nifty hit eight-month low on US growth concerns; banking, IT stocks take a hit India's benchmark indexes slumped to their lowest levels in eight months, down 0.9 percent by noon on February 24",2025-02-24,-3,False,green energy,"target price, intraday, nifty, sensex",Low ESG relevance or finance-only context,2026-09-03
INFY,Infosys,"Persistent, TechM, other IT stocks drop up to 4% amid escalating US-China trade tensions The shares of IT companies tumbled on June 2 amid escalating trade tensions between US and China. The sharp fal",2025-06-02,-2,False,,"share price, nifty",Low ESG relevance or finance-only context,2026-09-03
INFY,Infosys,"Sensex plunges 800 pts, Nifty below 24k as Pahalgam attack fuels geopolitical jitters; small, midcap indices fall 3% The Indian stock market is under pressure on April 25, continuing with losses after",2025-04-25,-3,False,,"intraday, nifty, sensex",Low ESG relevance or finance-only context,2026-09-03
INFY,Infosys,"Sensex jumps 500 pts, Nifty above 24,500: Sharp fall in crude, other key factors behind market rally The equity benchmark indices Sensex and Nifty surged in early trade on Monday amid sustained foreig",2025-05-05,-4,False,,"intraday, candlestick, nifty, sensex",Low ESG relevance or finance-only context,2026-09-03
INFY,Infosys,"Auto, IT stocks in red amid tariff uncertainty; Maruti Suzuki, Tech Mahindra shares down up to 2% The shares of auto and IT companies dropped on July 7 as uncertainties around higher US tariffs and no",2025-07-07,-2,False,,"share price, nifty",Low ESG relevance or finance-only context,2026-09-03
INFY,Infosys,"Nifty IT rallies one percent, snapping a two-day fall on strong Nvidia Q1, ruling against Trump tariffs The shares of IT companies surged on May 29 after US chipmaker Nvidia posted strong Q1 results a",2025-05-29,-2,False,,"q1 results, nifty",Low ESG relevance or finance-only context,2026-09-03
INFY,Infosys,"Sensex falls 300 pts, Nifty below 24,750 on renewed tariff concerns; Auto, Metal, IT drag The equity benchmarks Sensex and Nifty extended losses by noon after a flat start on Friday amid weak global c",2025-05-30,-2,False,,"nifty, sensex",Low ESG relevance or finance-only context,2026-09-03
INFY,Infosys,"IT shares snap three-day gaining streak ahead of US Fed meet; Coforge, TCS, others fall up to 1.5% The shares of several IT companies dropped on June 18, pushing the Nifty IT index down over half a pe",2025-06-18,-2,False,,"nifty, sensex",Low ESG relevance or finance-only context,2026-09-03
INFY,Infosys,"TCS job cuts worry brokerages as execution, attrition concerns emerge, stock slips Information technology giant Tata Consultancy Services Ltd (TCS) shares slipped in trade on Monday, July 28, after Mo",2025-07-28,-2,False,,"target price, brokerage",Low ESG relevance or finance-only context,2026-09-03
INFY,Infosys,"LTI Mindtree, TechM surge 2% as IT index rallies on a rangebound day: What's pushing IT higher Shares of IT companies sharply ended higher on April 29, sharply off lows on hopes of easing trade tensio",2025-04-29,-4,False,environment,"share price, stock price, brokerage, q4 results, nifty",Low ESG relevance or finance-only context,2026-09-03
INFY,Infosys,"Persistent Systems, Infosys, other IT shares drop up to 2% as trade, geopolitical tensions weigh The shares of major IT players dropped on June 12 after uncertain US tariff rules and geopolitical tens",2025-06-12,0,False,labor,nifty,Low ESG relevance or finance-only context,2026-09-03
INFY,Infosys,"Infosys targetting everything to be AI-first, hiring to support guidance: CEO Salil Parekh amid TCS layoffs IT major Infosys will continue to hire in order to support the growth guidance, and will dev",2025-07-30,0,False,,,Low ESG relevance or finance-only context,2026-09-03
INFY,Infosys,"Coforge, Mphasis, other IT shares rise up to 4% on optimism over US-China trade talks The shares of IT companies are higher on June 10, pushing the Nifty IT index up over 1.5 percent to emerge as the ",2025-06-10,-4,False,,"share price, target price, brokerage, nifty",Low ESG relevance or finance-only context,2026-09-03
INFY,Infosys,"Sensex down 500 pts, Nifty below 25,100: Nestle Q1 results among key factors behind market decline The benchmark indices gave up early gains and traded lower at around noon on Thursday, dragged by sel",2025-07-24,-6,False,,"stock price, brokerage, resistance, q1 results, nifty, sensex",Low ESG relevance or finance-only context,2026-09-03
INFY,Infosys,"Sensex down nearly 700 pts, Nifty below 22,650; bank, IT stocks drag; mid-, small-cap indices fall over 1% Indian benchmark indexes Sensex and Nifty opened lower on February 24, tracking a global mark",2025-02-24,-2,False,green energy,"resistance, nifty, sensex",Low ESG relevance or finance-only context,2026-09-03
INFY,Infosys,"Trent, BEL to join 30-share Sensex today, Nestle India, IndusInd Bank excluded Shares of retail giant Trent Ltd. and PSU firm Bharat Electronics Ltd. (BEL) will  added to the 30-pack benchmark index S",2025-06-20,-1,False,inclusion,"intraday, sensex",Low ESG relevance or finance-only context,2026-09-03
INFY,Infosys,"Tech Mahindra, Infosys, other IT stocks tumble on concerns over US' fiscal deficit The shares of IT companies tumbled on May 22, tracking Wall Street peers over concerns of possible widening of US' fe",2025-05-22,-2,False,,"nifty, sensex",Low ESG relevance or finance-only context,2026-09-03
INFY,Infosys,"Sensex drops 850 pts, Nifty below 22,600, hits 8-month low on US growth concerns; Nifty IT sinks nearly 3% Sensex and Nifty extended their losing streak to a fifth straight session, plunging to an eig",2025-02-24,-4,False,green energy,"target price, intraday, resistance, nifty, sensex",Low ESG relevance or finance-only context,2026-09-03
INFY,Infosys,"Trade Spotlight: How should you trade Infosys, BHEL, Info Edge, Birlasoft, Cyient, APL Apollo Tubes, Tata Technologies, and others on May 13? The benchmark indices made a strong start to the week, wit",2025-05-12,-4,False,,"candlestick, resistance, support level, nifty",Low ESG relevance or finance-only context,2026-09-03
INFY,Infosys,IT stocks drop up to 1.5% ahead of TCS Q1 results tomorrow The shares of IT companies declined in trade on July 9 as investors actively awaited the release of the first set to Q1 FY26 results from the,2025-07-09,-2,False,environment,"share price, q1 results, nifty",Low ESG relevance or finance-only context,2026-09-03
INFY,Infosys,"Infosys, TechM, others up 2% as US Fed chief Powell's testimony spurs rate cut bets Shares of IT companies were higher on June 25 as market participants saw US Federal Reserve Chair Jerome Powell's te",2025-06-25,-1,False,labor,"share price, nifty",Low ESG relevance or finance-only context,2026-09-03
INFY,Infosys,"Investors cheer Trump's tariff pause: These are the top gaining spaces Benchmark Indian indices surged on April 11, with Sensex rising over 1,300 points and Nifty 50 up nearly 2 percent following a re",2025-04-11,-1,False,labor,"nifty, sensex",Low ESG relevance or finance-only context,2026-09-03
INFY,Infosys,"Coforge, HCL Tech, other IT names rise up to 3% on hopes of early Fed rate cut, Nasdaq rally The Nifty IT index is higher on June 27, tracking Wall Street peers on rising hopes of a US Fed rate cut so",2025-06-27,-1,False,,nifty,Low ESG relevance or finance-only context,2026-09-03
INFY,Infosys,"Sensex settles 600 pts lower, Nifty below 24,600: Trump's tariffs among key factors behind market fall Benchmark equity indices fell to their lowest levels in about two months on Friday, dragged down ",2025-08-01,-4,False,,"intraday, resistance, nifty, sensex",Low ESG relevance or finance-only context,2026-09-03
INFY,Infosys,"Infosys shares fall marginally in early trade Shares of Infosys were trading at Rs 1,511.10 on Wednesday, down 0.17% in early trade. The stock price experienced this change compared to its previous cl",2025-07-30,-1,False,,stock price,Low ESG relevance or finance-only context,2026-09-03
INFY,Infosys,"Infosys share price gains over 1% in intraday trade; Q1 earnings awaited Infosys shares saw a positive movement in Wednesday's session, with the stock price increasing by 1%. This increase reflects a ",2025-07-23,-2,False,labor,"share price, stock price, intraday",Low ESG relevance or finance-only context,2026-09-03
INFY,Infosys,"Sensex declines over 200 pts, Nifty below 25,100: Selling in IT stocks among key factors behind market decline The equity benchmarks Sensex and Nifty declined for the fourth straight day on Monday ami",2025-07-14,-3,False,,"intraday, nifty, sensex",Low ESG relevance or finance-only context,2026-09-03
INFY,Infosys,"Sensex down 800 pts, Nifty below 23,150; broader market falls up to 3% Sensex and Nifty extended early losses on February 11, dropping over half a percent by noon as global uncertainties and weak dome",2025-02-11,-5,False,,"candlestick, resistance, support level, nifty, sensex",Low ESG relevance or finance-only context,2026-09-03
INFY,Infosys,"Infosys share price falls 1% in morning trade Infosys shares declined by 1% to Rs 1,422.50 in early trade on Friday. The stock's movement reflected a bearish sentiment, as per Moneycontrol analysis.  ",2025-08-08,-1,False,,share price,Low ESG relevance or finance-only context,2026-09-03
INFY,Infosys,"Infosys shares decline 1.51% in Wednesday's trading session Shares of Infosys declined by 1.51% to Rs 1,438.30 in Wednesday's session, according to the current price. At 11:50 am, Infosys's current pr",2025-08-06,0,False,,,Low ESG relevance or finance-only context,2026-09-03
INFY,Infosys,"Sensex declines nearly 500 pts, Nifty below 24,450 on tariff worries; IT, pharma among top sectoral losers The equity benchmark indices Sensex and Nifty declined 0.6 percent each in morning trade on A",2025-08-08,-2,False,,"nifty, sensex",Low ESG relevance or finance-only context,2026-09-03
INFY,Infosys,"Infosys share price declines marginally in intraday trade Shares of Infosys were trading at Rs 1,464.50, a decline of 0.35% in Monday's session. Earlier in the trading session, the stock touched a day",2025-08-04,-3,False,,"share price, intraday, nifty",Low ESG relevance or finance-only context,2026-09-03
INFY,Infosys,"Infosys shares slip despite solid Q1 show, revenue beat; should you buy, sell, or hold? Information and technology major Infosys Ltd reported its earnings show for the June quarter, leading to a slew ",2025-07-24,0,False,environment,brokerage,Low ESG relevance or finance-only context,2026-09-03
INFY,Infosys,"Sensex soars 450 pts, Nifty above 25,200: Easing inflation, IT buying, other key factors behind market rebound The benchmark equity indices Sensex and Nifty bounced back on Tuesday after four consecut",2025-07-15,-4,False,,"intraday, q1 results, nifty, sensex",Low ESG relevance or finance-only context,2026-09-03
INFY,Infosys,"Infosys Standalone June 2025 Net Sales at Rs 35,275.00 crore, up 5.99% Y-o-Y Reported Standalone quarterly numbers for Infosys are:    Net Sales at Rs 35,275.00 crore in June 2025 up 5.99% from Rs. 33",2025-07-24,0,False,,,Low ESG relevance or finance-only context,2026-09-03
INFY,Infosys,"Nifty IT crashes 2% as fall in Persistent Systems, Coforge, Infosys shares weighs The Nifty IT index tumbled almost two percent in trade, dragged by midcap IT services players Persistent Systems Ltd a",2025-07-24,-2,False,,"brokerage, nifty",Low ESG relevance or finance-only context,2026-09-03
INFY,Infosys,"Chartist Talk: Rahul Ghose sees choppy August for Nifty, expects continued Bank Nifty outperformance Rahul Ghose, founder and chief executive of Octanom Tech and Hedged, expects the choppy trade for t",2025-08-03,-1,False,"environment, safety","resistance, support level, nifty",Low ESG relevance or finance-only context,2026-09-03
INFY,Infosys,"Infosys shares fall 1.12%; stock among top losers on Nifty 50 Shares of Infosys were trading at Rs 1,444 on the NSE, a decline of 1.12% in Wednesday's session. The stock is currently among the top los",2025-08-06,-1,False,,nifty,Low ESG relevance or finance-only context,2026-09-03
INFY,Infosys,"Infosys share price falls in early trade Shares of Infosys were trading lower in Friday's session. At 9:20 am, the stock was priced at Rs 1,544, a 0.55% decrease from the previous close. The decline r",2025-07-25,-1,False,,share price,Low ESG relevance or finance-only context,2026-09-03
INFY,Infosys,"Sensex crashes over 500 pts, Nifty below 25,000: US strikes on Iran among key factors behind market decline The equity benchmark indices declined sharply on Monday amid rising geopolitical tensions in",2025-06-23,-2,False,,"nifty, sensex",Low ESG relevance or finance-only context,2026-09-03
INFY,Infosys,"Infosys shares fall nearly 1% in early trade Shares of Infosys were trading lower by nearly 1% in Thursday's session. The stock is currently trading lower compared to its previous close of Rs 1,574.50",2025-07-24,-1,False,,nifty,Low ESG relevance or finance-only context,2026-09-03
INFY,Infosys,"Infosys share price falls nearly 1% in Friday's trading session Shares of Infosys were trading lower in Friday’s session. The stock price declined by 0.90% to Rs 1,424 at 12:00 pm. This represents a d",2025-08-08,-2,False,,"share price, stock price",Low ESG relevance or finance-only context,2026-09-03
INFY,Infosys,"Coforge, HCL Tech, Wipro, other IT shares jump up to 7% amid hopes of easing trade tensions The shares of IT companies strongly surged on April 23 after US President Donald Trump hinted at slashing ta",2025-04-23,-3,False,,"share price, q4 results, nifty",Low ESG relevance or finance-only context,2026-09-03
INFY,Infosys,"Infosys share price falls nearly 1% in morning trade Shares of Infosys declined by 0.98% to Rs 1,422.80 in Friday's morning trade on the NSE, as of 11:00 am. Infosys's financial performance shows cons",2025-08-08,-1,False,,share price,Low ESG relevance or finance-only context,2026-09-03
INFY,Infosys,"Buy Infosys; target of Rs 1830: Deven Choksey Deven Choksey's research report on Infosys  Revenue came in at INR 4,22,790 Mn. (+3.3% QoQ/+7.5% YoY), above our estimates by 4.0%, led by stronger growth",2025-07-24,-1,False,,target price,Low ESG relevance or finance-only context,2026-09-03
INFY,Infosys,"Infosys share price falls 1.07% in morning trade Shares of Infosys experienced a decline of 1.07% to trade at Rs 1,557.70 on Thursday. During the session, the stock reached a high of Rs 1,582 and a lo",2025-07-24,-1,False,,share price,Low ESG relevance or finance-only context,2026-09-03
INFY,Infosys,"Infosys Q1 FY26 Net Profit at ₹6,921 Crore, Up 8.6% YoY   Infosys reported a consolidated net profit of ₹6,921 crore for the first quarter of FY26, an increase of 8.6% year-on-year. Revenue from opera",2025-07-23,0,False,,,Low ESG relevance or finance-only context,2026-09-03
INFY,Infosys,"Infosys share price falls 0.60% in morning trade Shares of Infosys were trading at Rs 1,506.90 on the NSE, a decline of 0.60% from the previous close, at 11:30 am on Tuesday. Earlier in the session, t",2025-07-29,-2,False,,"share price, intraday",Low ESG relevance or finance-only context,2026-09-03
INFY,Infosys,"Pharma, IT stocks tumble up to 4% as Trump tariffs take effect The shares of pharma and IT companies tumbled on March 4 as US President Donald Trump's tariffs on Canada and Mexico came into effect, wh",2025-03-04,-1,False,labor,"share price, nifty",Low ESG relevance or finance-only context,2026-09-03
INFY,Infosys,"Infosys shares fall 1.12% in today's session; over 14 lakh shares traded Infosys shares declined by 1.12% to Rs 1,492.10 in Friday's trading session. This decline reflects a shift in investor sentimen",2025-08-01,-1,False,,trading volume,Low ESG relevance or finance-only context,2026-09-03
INFY,Infosys,"Sensex slips over 1,000 pts, Nifty below 24,500: Rising US bond yields among key factors behind market sell-off The benchmark equity indices tumbled over 1 percent on Thursday, tracking a sharp sell-o",2025-05-22,0,False,"sustainability, sustainable","nifty, sensex",Low ESG relevance or finance-only context,2026-09-03
INFY,Infosys,"Infosys shares trade flat after last hour change; stock currently at Rs 1,582.70 Shares of Infosys were trading flat in Monday's session, with the stock currently priced at Rs 1,582.70. This comes aft",2025-07-21,0,False,labor,nifty,Low ESG relevance or finance-only context,2026-09-03
INFY,Infosys,"Infosys share price declines 1.22% in intraday trade Shares of Infosys were trading lower in Tuesday’s session, with the stock currently priced at Rs 1,462.40 on the NSE, a 1.22% decline from the prev",2025-08-05,-2,False,,"share price, intraday",Low ESG relevance or finance-only context,2026-09-03
INFY,Infosys,"Infosys shares fall 1.30% in today's session; over 87 lakh shares traded Shares of Infosys declined by 1.30% to Rs 1,554.00 in Thursday's session. A total of over 87.28 lakh shares were traded. The st",2025-07-24,-1,False,,nifty,Low ESG relevance or finance-only context,2026-09-03
INFY,Infosys,"BofA sees Nifty touching 25,000 by December, expects negative returns for small, midcaps in 2025 Bank of America (BofA) Securities said it expects the benchmark index Nifty 50 to touch 25,000 by Decem",2025-03-06,-2,False,labor,"target price, nifty, sensex",Low ESG relevance or finance-only context,2026-09-03
INFY,Infosys,"Global environment ‘more stable’ but not yet fully settled, says Infosys CEO Salil Parekh Salil Parekh, the CEO of India’s second-largest IT firm Infosys said the global macroeconomic environment is s",2025-07-23,0,False,environment,brokerage,Low ESG relevance or finance-only context,2026-09-03
INFY,Infosys,"Sensex slides over 500 pts, Nifty below 24,550: Muted global cues among key factors behind market decline Benchmark equity indices Sensex and Nifty declined on Thursday, dragged by selling in banking,",2025-05-15,-3,False,,"intraday, nifty, sensex",Low ESG relevance or finance-only context,2026-09-03
INFY,Infosys,"Infosys shares decline marginally; trading at Rs 1,583.10 Shares of Infosys were trading lower in Wednesday’s session, with the stock currently priced at Rs 1,583.10. This represents a marginal declin",2025-07-23,0,False,labor,intraday,Low ESG relevance or finance-only context,2026-09-03
INFY,Infosys,"Infosys share price falls 1.45% in early trade Shares of Infosys were trading lower in Friday's session, with the stock priced at Rs 1,530. At 10:00 am, the stock showed a decline of 1.45% from its pr",2025-07-25,-2,False,,"share price, stock price",Low ESG relevance or finance-only context,2026-09-03
INFY,Infosys,"Infosys share price rises marginally in Thursday's trading session Shares of Infosys were trading at Rs 1,523.90 on Thursday. The stock experienced a marginal rise of 0.32% in today's session in the a",2025-07-31,-2,False,,"share price, nifty",Low ESG relevance or finance-only context,2026-09-03
INFY,Infosys,"Infosys shares trade flat in today's trading session Infosys shares were trading flat at Rs 1,437.00 on Thursday, a marginal increase of 0.02% from the previous close, as of 10:00 am. The stock is par",2025-08-07,-1,False,,nifty,Low ESG relevance or finance-only context,2026-09-03
INFY,Infosys,"Sensex falls 400 pts, Nifty at 23,200: Trump’s reciprocal tariffs among key factors to rattle markets Benchmark indices Sensex and Nifty slipped in early trade on Thursday, tracking weak global cues a",2025-04-03,-3,False,,"candlestick, nifty, sensex",Low ESG relevance or finance-only context,2026-09-03
INFY,Infosys,"Infosys share price falls marginally in today's session Shares of Infosys were trading at Rs 1,466.40 on Monday, showing a decline of 0.22% in today's session. The stock price experienced a slight dip",2025-08-04,-2,False,,"share price, stock price",Low ESG relevance or finance-only context,2026-09-03
INFY,Infosys,"Infosys shares fall 0.74% in today's session; over 23.4 lakh shares traded Shares of Infosys were trading lower in Monday's session, with the stock priced at Rs 1,504.50, a decline of 0.74% from the p",2025-07-28,-2,False,,"stock price, nifty",Low ESG relevance or finance-only context,2026-09-03
INFY,Infosys,"Infosys shares fall marginally in today's session; over 9.3 lakh shares traded Shares of Infosys were trading lower in Wednesday's session. The stock is currently priced at Rs 1,511.70 on the NSE, a d",2025-07-30,-1,False,,trading volume,Low ESG relevance or finance-only context,2026-09-03
INFY,Infosys,"Infosys Q1 preview: 5 key factors to watch for As Infosys gets ready to announce its first quarter results on July 23, investors will be closely tracking signs of a turnaround at India’s second-larges",2025-07-22,0,False,environment,brokerage,Low ESG relevance or finance-only context,2026-09-03
INFY,Infosys,"Infosys shares fall 0.81% in Thursday's trading session Shares of Infosys were trading at Rs 1,425 on the NSE, a decline of 0.81% from the previous close, at 12:00 pm. The stock is currently trading l",2025-08-07,0,False,,,Low ESG relevance or finance-only context,2026-09-03
INFY,Infosys,"Infosys share price falls nearly 1% in afternoon trade Shares of Infosys slipped in afternoon trade, trading at Rs 1,568.90 on the NSE, a 0.97% decline from the previous close as of 2:50 pm. The stock",2025-07-22,0,False,labor,share price,Low ESG relevance or finance-only context,2026-09-03
INFY,Infosys,"Infosys shares fall 0.71%; stock among top losers on Nifty 50 Shares of Infosys were trading down 0.71 percent at Rs 1,505.20 in Tuesday's session, making it among the top losers on Nifty 50. As of 11",2025-07-29,-1,False,,nifty,Low ESG relevance or finance-only context,2026-09-03
INFY,Infosys,"Neutral Infosys; target of Rs 1750: Motilal Oswal Motilal Oswal's research report on Infosys  Infosys (INFO) reported 1QFY26 revenue of USD4.9b, up 2.6% QoQ in CC/ 3.8% YoY in CC vs. our estimate of +",2025-07-24,0,False,,,Low ESG relevance or finance-only context,2026-09-03
INFY,Infosys,"Infosys shares down nearly 1.5% in Friday's trading session Shares of Infosys were trading lower on Friday, with the stock declining nearly 1.5%. Shares are extending losses along with other IT majors",2025-07-25,0,False,,,Low ESG relevance or finance-only context,2026-09-03
INFY,Infosys,"Infosys share price falls 1.63% in today's session Shares of Infosys were trading lower in Thursday's session, with the stock currently priced at Rs 1,548.80, a 1.63% decrease. The stock touched a day",2025-07-24,-2,False,,"share price, nifty",Low ESG relevance or finance-only context,2026-09-03
INFY,Infosys,"Sensex crashes 1,500 pts, Nifty below 23,150: US tariff worries among key factors weighing on markets Equity benchmark indices declined sharply on Tuesday, led by IT and real estate stocks, as concern",2025-04-01,-3,False,,"brokerage, nifty, sensex",Low ESG relevance or finance-only context,2026-09-03
INFY,Infosys,"Infosys Consolidated June 2025 Net Sales at Rs 42,279.00 crore, up 7.54% Y-o-Y Reported Consolidated quarterly numbers for Infosys are:    Net Sales at Rs 42,279.00 crore in June 2025 up 7.54% from Rs",2025-07-25,0,False,,,Low ESG relevance or finance-only context,2026-09-03
INFY,Infosys,"Jio Financial Services, Zomato close mixed on Nifty 50 debut; Britannia Industries, BPCL stocks jump post exit The latest entrants to the benchmark Nifty 50 index, food delivery major Zomato and non-b",2025-03-28,-1,False,inclusion,"intraday, nifty",Low ESG relevance or finance-only context,2026-09-03
INFY,Infosys,"Sensex snaps 2-day winning streak, Nifty holds 22,500 after volatile session amid US tariff concerns; IT, realty drag Sensex ended marginally lower on Friday after a choppy session as concerns over gl",2025-03-07,-4,False,,"intraday, resistance, nifty, sensex",Low ESG relevance or finance-only context,2026-09-03
INFY,Infosys,"Infosys shares fall 0.96% in early trade Shares of Infosys were trading at Rs 1,501.50 on the NSE, down by 0.96% in Tuesday's early session. The stock price movement reflects a decrease of Rs 14.50 fr",2025-07-29,-1,False,labor,"stock price, nifty",Low ESG relevance or finance-only context,2026-09-03
INFY,Infosys,"Infosys share price falls 1.13% in early trade Shares of Infosys declined by 1.13% to Rs 1,498.60 in early trade on Monday. This decline reflects a decrease from its previous close, with the stock cur",2025-07-28,-2,False,,"share price, nifty",Low ESG relevance or finance-only context,2026-09-03
INFY,Infosys,"Accumulate Infosys; target of Rs 1750: Prabhudas Lilladher Prabhudas Lilladher's research report on Infosys  The revenue growth performance (+2.6% CC QoQ) was above our estimates (+2.2% QoQ CC), attri",2025-07-24,0,False,,,Low ESG relevance or finance-only context,2026-09-03
INFY,Infosys,"April may be the best month for stocks, February the bleakest: Here’s why Wall Street often kicks off the year with a 'January effect' when shares rise more than any other month, but back home, an 'Ap",2025-05-30,0,False,,,Low ESG relevance or finance-only context,2026-09-03
INFY,Infosys,"Infosys shares decline 0.91% in today's session; over 79.2 lakh shares traded Shares of Infosys were trading at Rs 1,569.90 on the NSE, a decline of 0.91% from the previous close as of 3:20 pm. Over 7",2025-07-22,-1,False,labor,"trading volume, nifty",Low ESG relevance or finance-only context,2026-09-03
INFY,Infosys,"Sensex, Nifty down as bank, auto stocks under pressure; mid-, small-cap indices fall over 1% India’s benchmark indices, Sensex and Nifty, were down on February 11, extending their losing streak to the",2025-02-11,-4,False,,"target price, resistance, nifty, sensex",Low ESG relevance or finance-only context,2026-09-03
INFY,Infosys,"Infosys shares among top losers on Nifty 50, decline 0.39% Shares of Infosys were trading down on Tuesday, with the stock priced at Rs 1,510.10 on the NSE at 1:10 pm. The stock is among the top losers",2025-07-29,-2,False,,"stock price, nifty",Low ESG relevance or finance-only context,2026-09-03
INFY,Infosys,"Kotak Institutional fears NMDC's earnings may peak in FY25, turns cautious on mining sector Leading miner National Mineral Development Corporation or NMDC is heading towards a sticky patch starting FY",2025-03-11,-1,False,,brokerage,Low ESG relevance or finance-only context,2026-09-03
INFY,Infosys,"TCS, Wipro shares fall up to 4% after Jefferies' IT downgrade citing tariff hit on US growth Top IT shares were among the leading laggards on the benchmark Sensex, with Trump's reciprocal tariffs kick",2025-04-09,-4,False,,"target price, buy call, brokerage, sensex",Low ESG relevance or finance-only context,2026-09-03
INFY,Infosys,"Top gainers and losers today: Stocks that moved the most on May 19 Benchmark indinces tumbled on May 19 tracking weak global cues, a selloff in IT shares and rising market volatility following Moody's",2025-05-19,-2,False,labor,"share price, nifty, sensex",Low ESG relevance or finance-only context,2026-09-03
INFY,Infosys,"Sagility India, Belrise Industries, Adani Energy added to Jefferies' model India portfolio In a market that is trading close to its peak, despite poor earnings, geopolitical tensions, and an unstable ",2025-07-11,-1,False,,brokerage,Low ESG relevance or finance-only context,2026-09-03
INFY,Infosys,"Trade Spotlight: How should you trade Bharat Dynamics, Cochin Shipyard, Max Financial Services, Alkem Labs, Bharti Airtel, and others on April 30? The market entered into a consolidation phase after r",2025-04-30,0,False,"sustainable, labor","stock price, support level",Low ESG relevance or finance-only context,2026-09-03
INFY,Infosys,"Sensex, Nifty end flat for 3rd session; heavyweights offset pharma losses; broader market rise up to 2% Sensex and Nifty ended flat for the third session in a row ahead of the FOMC meeting minutes, se",2025-02-19,-2,False,,"nifty, sensex",Low ESG relevance or finance-only context,2026-09-03
INFY,Infosys,"Trade Spotlight: How should you trade Marico, Cholamandalam Investment, City Union Bank, MOIL, Granules, Supreme Ind, Inox Wind and others on May 28? The benchmark indices reversed the previous day's ",2025-05-27,-2,False,sustainable,"resistance, support level, nifty",Low ESG relevance or finance-only context,2026-09-03
INFY,Infosys,"Sensex, Nifty flat ahead of FOMC minutes; mid-, small-cap indices drop up to 2% Sensex and Nifty flattened by midday on February 19 after opening lower, as investors remained cautious about stretched ",2025-02-19,-2,False,,"nifty, sensex",Low ESG relevance or finance-only context,2026-09-03
INFY,Infosys,"Sensex, Nifty close lower for 8th session; all 13 sectoral indices in red, broader markets crash up to 3% Sensex and Nifty fell for the eighth session for the first time in two years on February 14, a",2025-02-14,-4,False,,"resistance, support level, nifty, sensex",Low ESG relevance or finance-only context,2026-09-03
WIPRO,Wipro,"Infosys, TCS, other IT heavyweights drop 1%, IT index snaps 2-day gaining streak amid weak market Several IT stocks declined on May 27, pushing the Nifty IT index down into the red to snap its two-day",2025-05-27,-3,False,,"share price, nifty, sensex",Low ESG relevance or finance-only context,2026-09-03
WIPRO,Wipro,"Nifty IT index tops the chart after gaining Rs 1.16 lakh crore in value in nine sessions with eight up days The shares of TCS and Infosys were among the leading contributor on Sensex, as IT companies ",2025-06-16,-1,False,environment,"nifty, sensex",Low ESG relevance or finance-only context,2026-09-03
WIPRO,Wipro,"Nifty IT sharply down on selloff after Fed's inflation, tariff view; Wipro sole gainer on upgrade Shares of IT companies were sharply lower on June 19, after the US Federal Reserve kept key interest r",2025-06-19,-2,False,,"target price, nifty",Low ESG relevance or finance-only context,2026-09-03
WIPRO,Wipro,"Sensex settles nearly 600 pts lower, Nifty below 24,700: FII selling, rising India VIX among key factors behind market fall The equity benchmark indices Sensex and Nifty declined for the third day on ",2025-07-28,-4,False,,"intraday, resistance, nifty, sensex",Low ESG relevance or finance-only context,2026-09-03
WIPRO,Wipro,"Trade Spotlight: How should you trade Honasa Consumer, Godrej Properties, Elecon Engineering, Eternal, SBI, Adani Total Gas, and others on May 6? The benchmark indices gained some strength after a thr",2025-05-05,-4,False,,"technical chart, resistance, support level, nifty",Low ESG relevance or finance-only context,2026-09-03
WIPRO,Wipro,"Sensex falls 700 pts, Nifty below 25,150: Selling in IT stocks among key factors behind market decline The benchmark stock indices Sensex and Nifty settled lower on Friday for the third session in a r",2025-07-11,-3,False,,"q1 results, nifty, sensex",Low ESG relevance or finance-only context,2026-09-03
WIPRO,Wipro,"Trade Spotlight: How should you trade Eicher Motors, Tata Consumer Products, M&M, Wipro, Bharti Airtel, and others on June 20? Equity benchmark indices closed moderately lower amid a lacklustre sessio",2025-06-20,-3,False,,"candlestick, resistance, trading volume",Low ESG relevance or finance-only context,2026-09-03
WIPRO,Wipro,"Sensex, Nifty fall 0.5% each; 12 of 13 sectoral indices in the red, broader markets underperform The Sensex and Nifty slipped half a percent around noon on March 3, dragged down by oil &amp;amp; gas a",2025-03-03,-3,False,,"brokerage, nifty, sensex",Low ESG relevance or finance-only context,2026-09-03
WIPRO,Wipro,"IT, metal, realty stocks tumble up to 4% as Trump's tariffs, FOMC meet outcome weigh The shares of IT, metal and realty companies tumbled in morning trade on July 31 as Trump’s tariffs and penalty on ",2025-07-31,0,False,"environment, penalty","nifty, sensex",Low ESG relevance or finance-only context,2026-09-03
WIPRO,Wipro,"Sensex, Nifty hit eight-month low on US growth concerns; banking, IT stocks take a hit India's benchmark indexes slumped to their lowest levels in eight months, down 0.9 percent by noon on February 24",2025-02-24,-3,False,green energy,"target price, intraday, nifty, sensex",Low ESG relevance or finance-only context,2026-09-03
WIPRO,Wipro,"Persistent, TechM, other IT stocks drop up to 4% amid escalating US-China trade tensions The shares of IT companies tumbled on June 2 amid escalating trade tensions between US and China. The sharp fal",2025-06-02,-2,False,,"share price, nifty",Low ESG relevance or finance-only context,2026-09-03
WIPRO,Wipro,"Sensex jumps 500 pts, Nifty above 24,500: Sharp fall in crude, other key factors behind market rally The equity benchmark indices Sensex and Nifty surged in early trade on Monday amid sustained foreig",2025-05-05,-4,False,,"intraday, candlestick, nifty, sensex",Low ESG relevance or finance-only context,2026-09-03
WIPRO,Wipro,"Auto, IT stocks in red amid tariff uncertainty; Maruti Suzuki, Tech Mahindra shares down up to 2% The shares of auto and IT companies dropped on July 7 as uncertainties around higher US tariffs and no",2025-07-07,-2,False,,"share price, nifty",Low ESG relevance or finance-only context,2026-09-03
WIPRO,Wipro,"Nifty IT rallies one percent, snapping a two-day fall on strong Nvidia Q1, ruling against Trump tariffs The shares of IT companies surged on May 29 after US chipmaker Nvidia posted strong Q1 results a",2025-05-29,-2,False,,"q1 results, nifty",Low ESG relevance or finance-only context,2026-09-03
WIPRO,Wipro,"CLSA says Q3 earnings stronger-than-expected, despite consensus doubts The earnings show for the three months ended December 2024 was better than expected, noted Hong Kong-based brokerage CLSA, sharin",2025-02-24,-1,False,labor,"brokerage, nifty",Low ESG relevance or finance-only context,2026-09-03
WIPRO,Wipro,"IT shares snap three-day gaining streak ahead of US Fed meet; Coforge, TCS, others fall up to 1.5% The shares of several IT companies dropped on June 18, pushing the Nifty IT index down over half a pe",2025-06-18,-2,False,,"nifty, sensex",Low ESG relevance or finance-only context,2026-09-03
WIPRO,Wipro,"LTI Mindtree, TechM surge 2% as IT index rallies on a rangebound day: What's pushing IT higher Shares of IT companies sharply ended higher on April 29, sharply off lows on hopes of easing trade tensio",2025-04-29,-4,False,environment,"share price, stock price, brokerage, q4 results, nifty",Low ESG relevance or finance-only context,2026-09-03
WIPRO,Wipro,"Persistent Systems, Infosys, other IT shares drop up to 2% as trade, geopolitical tensions weigh The shares of major IT players dropped on June 12 after uncertain US tariff rules and geopolitical tens",2025-06-12,0,False,labor,nifty,Low ESG relevance or finance-only context,2026-09-03
WIPRO,Wipro,"Coforge, Mphasis, other IT shares rise up to 4% on optimism over US-China trade talks The shares of IT companies are higher on June 10, pushing the Nifty IT index up over 1.5 percent to emerge as the ",2025-06-10,-4,False,,"share price, target price, brokerage, nifty",Low ESG relevance or finance-only context,2026-09-03
WIPRO,Wipro,"Sensex down nearly 700 pts, Nifty below 22,650; bank, IT stocks drag; mid-, small-cap indices fall over 1% Indian benchmark indexes Sensex and Nifty opened lower on February 24, tracking a global mark",2025-02-24,-2,False,green energy,"resistance, nifty, sensex",Low ESG relevance or finance-only context,2026-09-03
WIPRO,Wipro,"Tech Mahindra, Infosys, other IT stocks tumble on concerns over US' fiscal deficit The shares of IT companies tumbled on May 22, tracking Wall Street peers over concerns of possible widening of US' fe",2025-05-22,-2,False,,"nifty, sensex",Low ESG relevance or finance-only context,2026-09-03
WIPRO,Wipro,"Sensex drops 850 pts, Nifty below 22,600, hits 8-month low on US growth concerns; Nifty IT sinks nearly 3% Sensex and Nifty extended their losing streak to a fifth straight session, plunging to an eig",2025-02-24,-4,False,green energy,"target price, intraday, resistance, nifty, sensex",Low ESG relevance or finance-only context,2026-09-03
WIPRO,Wipro,IT stocks drop up to 1.5% ahead of TCS Q1 results tomorrow The shares of IT companies declined in trade on July 9 as investors actively awaited the release of the first set to Q1 FY26 results from the,2025-07-09,-2,False,environment,"share price, q1 results, nifty",Low ESG relevance or finance-only context,2026-09-03
WIPRO,Wipro,"Sensex declines 200 pts, Nifty below 24,600: RBI monetary policy among key factors behind market decline The benchmark indices Sensex and Nifty erased early gains to trade lower on Wednesday, dragged ",2025-08-06,-2,False,labor,"intraday, nifty, sensex",Low ESG relevance or finance-only context,2026-09-03
WIPRO,Wipro,"Investors cheer Trump's tariff pause: These are the top gaining spaces Benchmark Indian indices surged on April 11, with Sensex rising over 1,300 points and Nifty 50 up nearly 2 percent following a re",2025-04-11,-1,False,labor,"nifty, sensex",Low ESG relevance or finance-only context,2026-09-03
WIPRO,Wipro,"Coforge, HCL Tech, other IT names rise up to 3% on hopes of early Fed rate cut, Nasdaq rally The Nifty IT index is higher on June 27, tracking Wall Street peers on rising hopes of a US Fed rate cut so",2025-06-27,-1,False,,nifty,Low ESG relevance or finance-only context,2026-09-03
WIPRO,Wipro,"Sensex surges 300 pts from day's low, Nifty above 25,200: 3 key reasons behind market rise The equity benchmark indices Sensex and Nifty settled marginally higher on Wednesday, rebounding from early l",2025-07-16,-4,False,,"intraday, q1 results, nifty, sensex",Low ESG relevance or finance-only context,2026-09-03
WIPRO,Wipro,Indian billionaires shine in first half of 2025 despite market turbulence The wealth of several Indian billionaires saw significant growth despite pronounced market volatility in the first half of 202,2025-07-01,-1,False,labor,"nifty, sensex",Low ESG relevance or finance-only context,2026-09-03
WIPRO,Wipro,"Sensex declines over 200 pts, Nifty below 25,100: Selling in IT stocks among key factors behind market decline The equity benchmarks Sensex and Nifty declined for the fourth straight day on Monday ami",2025-07-14,-3,False,,"intraday, nifty, sensex",Low ESG relevance or finance-only context,2026-09-03
WIPRO,Wipro,"Sensex soars 450 pts, Nifty above 25,200: Easing inflation, IT buying, other key factors behind market rebound The benchmark equity indices Sensex and Nifty bounced back on Tuesday after four consecut",2025-07-15,-4,False,,"intraday, q1 results, nifty, sensex",Low ESG relevance or finance-only context,2026-09-03
WIPRO,Wipro,"Sensex crashes over 500 pts, Nifty below 25,000: US strikes on Iran among key factors behind market decline The equity benchmark indices declined sharply on Monday amid rising geopolitical tensions in",2025-06-23,-2,False,,"nifty, sensex",Low ESG relevance or finance-only context,2026-09-03
WIPRO,Wipro,"Eternal’s Rs 3 trillion dream divides the Street: FIIs bail, DIIs bite Even as Eternal Ltd basks in its Rs 3 lakh crore market cap — loftier than Tata Motors, ONGC or Wipro — global investors are grow",2025-07-23,0,False,,,Low ESG relevance or finance-only context,2026-09-03
WIPRO,Wipro,"Coforge, HCL Tech, Wipro, other IT shares jump up to 7% amid hopes of easing trade tensions The shares of IT companies strongly surged on April 23 after US President Donald Trump hinted at slashing ta",2025-04-23,-3,False,,"share price, q4 results, nifty",Low ESG relevance or finance-only context,2026-09-03
WIPRO,Wipro,"Pharma, IT stocks tumble up to 4% as Trump tariffs take effect The shares of pharma and IT companies tumbled on March 4 as US President Donald Trump's tariffs on Canada and Mexico came into effect, wh",2025-03-04,-1,False,labor,"share price, nifty",Low ESG relevance or finance-only context,2026-09-03
WIPRO,Wipro,"Q1 impact: Deepinder Goyal's net worth surges by Rs 1,700 crore as Eternal shares rise 20% in two days Eternal, the parent company of Zomato and Blinkit, saw its shares surge nearly 15 percent to hit ",2025-07-22,-1,False,waste,"trading volume, nifty",Low ESG relevance or finance-only context,2026-09-03
WIPRO,Wipro,"Infosys Q1 preview: 5 key factors to watch for As Infosys gets ready to announce its first quarter results on July 23, investors will be closely tracking signs of a turnaround at India’s second-larges",2025-07-22,0,False,environment,brokerage,Low ESG relevance or finance-only context,2026-09-03
WIPRO,Wipro,"April may be the best month for stocks, February the bleakest: Here’s why Wall Street often kicks off the year with a 'January effect' when shares rise more than any other month, but back home, an 'Ap",2025-05-30,0,False,,,Low ESG relevance or finance-only context,2026-09-03
WIPRO,Wipro,"Kotak Institutional fears NMDC's earnings may peak in FY25, turns cautious on mining sector Leading miner National Mineral Development Corporation or NMDC is heading towards a sticky patch starting FY",2025-03-11,-1,False,,brokerage,Low ESG relevance or finance-only context,2026-09-03
WIPRO,Wipro,"Sensex plunges 1,400 pts, Nifty ends below 22,150 on fresh tariff concerns; markets lose Rs 8.8 lakh crore in m-cap Sensex and Nifty tumbled almost 2 percent on February 28, caught in a wave of broad-",2025-02-28,-2,False,,"nifty, sensex",Low ESG relevance or finance-only context,2026-09-03
WIPRO,Wipro,"TCS, Wipro shares fall up to 4% after Jefferies' IT downgrade citing tariff hit on US growth Top IT shares were among the leading laggards on the benchmark Sensex, with Trump's reciprocal tariffs kick",2025-04-09,-4,False,,"target price, buy call, brokerage, sensex",Low ESG relevance or finance-only context,2026-09-03
HCLTECH,HCL Technologies,"Trade Spotlight: How should you trade Cummins India, NTPC, Kotak Mahindra Bank, Avanti Feeds, Berger Paints, and others on February 25? The market remained in the control of bears, who dragged the Nif",2025-02-24,-2,False,,"resistance, nifty",Low ESG relevance or finance-only context,2026-09-03
HCLTECH,HCL Technologies,"Black Friday: Sensex crashes over 1,000 pts, Nifty sinks below 22,900; Trump tariffs among key factors to spook markets Equity markets witnessed a sharp sell-off on Friday, with benchmark indices fall",2025-04-04,-5,False,,"intraday, resistance, support level, nifty, sensex",Low ESG relevance or finance-only context,2026-09-03
HCLTECH,HCL Technologies,"Sensex jumps 550 pts from day's low, Nifty above 22,650: Decline in oil prices among key factors behind market rally Sensex and Nifty witnessed an uptrend on Monday morning, following firm trends in A",2025-03-10,-5,False,,"intraday, candlestick, support level, nifty, sensex",Low ESG relevance or finance-only context,2026-09-03
HCLTECH,HCL Technologies,"Sensex surges 1,000 pts, Nifty above 24,300: Strong RIL Q4 results, other key factors behind market rally Sensex and Nifty rebounded over 1 percent on Monday in a holiday-shortened week amid a sharp r",2025-04-28,-2,False,environment,"q4 results, nifty, sensex",Low ESG relevance or finance-only context,2026-09-03
HCLTECH,HCL Technologies,"Markets at 5-week high: Sensex soars 900 pts, Nifty above 23,200 on Fed boost; all sectors in green Benchmark equity indices surged over 1 percent on Thursday, with the Nifty reclaiming the crucial 23",2025-03-20,-4,False,,"intraday, resistance, nifty, sensex",Low ESG relevance or finance-only context,2026-09-03
HCLTECH,HCL Technologies,"Sensex, Nifty hit eight-month low on US growth concerns; banking, IT stocks take a hit India's benchmark indexes slumped to their lowest levels in eight months, down 0.9 percent by noon on February 24",2025-02-24,-3,False,green energy,"target price, intraday, nifty, sensex",Low ESG relevance or finance-only context,2026-09-03
HCLTECH,HCL Technologies,"Trade Spotlight: How should you trade HCL Tech, Shree Cement, Asian Paints, Nykaa, Bharti Airtel, Samvardhana Motherson, and others on March 25? The market clocked a 1.3 percent rally on March 24, ext",2025-03-25,-1,False,,support level,Low ESG relevance or finance-only context,2026-09-03
HCLTECH,HCL Technologies,"Tech Mahindra loses 622 employees in Q1, third consecutive quarter of decline IT services major Tech Mahindra's headcount decreased by 622 sequentially in the first quarter ended June 30, 2025. This i",2025-07-16,-1,False,,q1 results,Low ESG relevance or finance-only context,2026-09-03
HCLTECH,HCL Technologies,"Sensex sheds 500 pts, Nifty below 25,000: Weak Axis Bank Q1 earnings among key factors behind market decline The benchmark equity indices declined sharply on Friday, dragged by weak earnings from Axis",2025-07-18,-4,False,,"intraday, resistance, nifty, sensex",Low ESG relevance or finance-only context,2026-09-03
HCLTECH,HCL Technologies,"TCS job cuts worry brokerages as execution, attrition concerns emerge, stock slips Information technology giant Tata Consultancy Services Ltd (TCS) shares slipped in trade on Monday, July 28, after Mo",2025-07-28,-2,False,,"target price, brokerage",Low ESG relevance or finance-only context,2026-09-03
HCLTECH,HCL Technologies,"Sensex down nearly 700 pts, Nifty below 22,650; bank, IT stocks drag; mid-, small-cap indices fall over 1% Indian benchmark indexes Sensex and Nifty opened lower on February 24, tracking a global mark",2025-02-24,-2,False,green energy,"resistance, nifty, sensex",Low ESG relevance or finance-only context,2026-09-03
HCLTECH,HCL Technologies,"Stocks to Watch Today: HUL, Coal India, Gandhar Oil Refinery, Nureca, Paytm, HG Infra, Tata Power, Anant Raj in focus on 22 April Let's catch up on the latest news from the stock market. From signific",2025-04-22,0,False,renewable,brokerage,Low ESG relevance or finance-only context,2026-09-03
HCLTECH,HCL Technologies,"Sensex drops 850 pts, Nifty below 22,600, hits 8-month low on US growth concerns; Nifty IT sinks nearly 3% Sensex and Nifty extended their losing streak to a fifth straight session, plunging to an eig",2025-02-24,-4,False,green energy,"target price, intraday, resistance, nifty, sensex",Low ESG relevance or finance-only context,2026-09-03
HCLTECH,HCL Technologies,"Stocks to Watch Today: HCLTech, Tata Tech, Rallis India, Power Mech Projects, RailTel, Sun Pharma, Deepak Fertilisers, Oberoi Realty in focus on 15 July Let's catch up on the latest news from the stoc",2025-07-15,0,False,,,Low ESG relevance or finance-only context,2026-09-03
HCLTECH,HCL Technologies,"Sensex declines over 200 pts, Nifty below 25,100: Selling in IT stocks among key factors behind market decline The equity benchmarks Sensex and Nifty declined for the fourth straight day on Monday ami",2025-07-14,-3,False,,"intraday, nifty, sensex",Low ESG relevance or finance-only context,2026-09-03
HCLTECH,HCL Technologies,"Buy HCL Technologies; target of Rs 2000: Motilal Oswal Motilal Oswal's research report on HCL Technologies  HCL Technologies (HCLT) reported 1QFY26 revenue of USD3.5b, down 0.8% QoQ CC vs. our estimat",2025-07-15,0,False,,,Low ESG relevance or finance-only context,2026-09-03
HCLTECH,HCL Technologies,"Buy HCL Technologies; target of Rs 1730: Sharekhan Sharekhan's research report on HCL Technologies  HCL Tech reported revenue of $3,498 million, down 0.8% in CC terms, nearly in line with our estimate",2025-04-23,0,False,,,Low ESG relevance or finance-only context,2026-09-03
HCLTECH,HCL Technologies,"Sensex soars 450 pts, Nifty above 25,200: Easing inflation, IT buying, other key factors behind market rebound The benchmark equity indices Sensex and Nifty bounced back on Tuesday after four consecut",2025-07-15,-4,False,,"intraday, q1 results, nifty, sensex",Low ESG relevance or finance-only context,2026-09-03
HCLTECH,HCL Technologies,Reduce HCL Technologies; target of Rs 1390: ICICI Securities ICICI Securities research report on HCL Technologies  HCLT’s FY26 revenue organic guidance of 1–4% YoY CC appears optimistic at its upper e,2025-04-23,0,False,,,Low ESG relevance or finance-only context,2026-09-03
HCLTECH,HCL Technologies,"HCL Tech Consolidated March 2025 Net Sales at Rs 30,246.00 crore, up 6.13% Y-o-Y Reported Consolidated quarterly numbers for HCL Technologies are:    Net Sales at Rs 30,246.00 crore in March 2025 up 6",2025-04-24,0,False,,,Low ESG relevance or finance-only context,2026-09-03
HCLTECH,HCL Technologies,"HCL Technologies Shares Fall More Than 2% in Today's Trading Session     During today's session, HCL Technologies shares experienced a downturn, triggered by a price fall alert. The stock declined by ",2025-06-23,0,False,inclusion,nifty,Low ESG relevance or finance-only context,2026-09-03
HCLTECH,HCL Technologies,"HCLTech says specialisation to drive fresher hiring, 'elite' cadres to get 4X higher pay India’s third largest IT services major HCLTech has tweaked its fresher hiring strategy. Not quantity, but qual",2025-07-14,0,False,,,Low ESG relevance or finance-only context,2026-09-03
HCLTECH,HCL Technologies,"Hold HCL Technologies; target of Rs 1550: Prabhudas Lilladher Prabhudas Lilladher's research report on HCL Technologies  The revenue growth performance was tad below our estimates, largely attributed ",2025-07-15,0,False,,,Low ESG relevance or finance-only context,2026-09-03
HCLTECH,HCL Technologies,"Stocks to Watch Today: Power Grid, Bharat Electronics, DLF, Rail Vikas Nigam, HFCL, Shyam Metalics, ACME Solar, Borosil, Petronet LNG in focus on 20 May Let's catch up on the latest news from the stoc",2025-05-20,0,False,,,Low ESG relevance or finance-only context,2026-09-03
HCLTECH,HCL Technologies,"HCLTech to Announce Q1 FY26 Results on July 14, Host Conference Call     HCLTech is set to announce its financial results for the first quarter of fiscal year 2026, ended June 30, 2025, on Monday, Jul",2025-07-08,0,False,,,Low ESG relevance or finance-only context,2026-09-03
HCLTECH,HCL Technologies,"Sensex slips over 1,000 pts, Nifty below 24,500: Rising US bond yields among key factors behind market sell-off The benchmark equity indices tumbled over 1 percent on Thursday, tracking a sharp sell-o",2025-05-22,0,False,"sustainability, sustainable","nifty, sensex",Low ESG relevance or finance-only context,2026-09-03
HCLTECH,HCL Technologies,"HCL Technologies shares fall 2.06% in today's session HCL Technologies shares experienced a decline of 2.06% to Rs 1,672.90 in Wednesday's trading session. This movement reflects a shift in investor s",2025-07-09,-1,False,,nifty,Low ESG relevance or finance-only context,2026-09-03
HCLTECH,HCL Technologies,"HCL Tech Consolidated June 2025 Net Sales at Rs 30,349.00 crore, up 8.17% Y-o-Y Reported Consolidated quarterly numbers for HCL Technologies are:    Net Sales at Rs 30,349.00 crore in June 2025 up 8.1",2025-07-15,0,False,,,Low ESG relevance or finance-only context,2026-09-03
HCLTECH,HCL Technologies,"Sensex soars 1,200 pts, Nifty reclaims 25k: India-US trade deal hopes, other reasons behind market rally The equity benchmarks staged a sharp trend reversal on Thursday, with the Sensex soaring nearly",2025-05-15,-2,False,,"nifty, sensex",Low ESG relevance or finance-only context,2026-09-03
HCLTECH,HCL Technologies,"HCL Technologies shares fall 2.01% in early trade Shares of HCL Technologies declined by 2.01% to Rs 1,587.20 in early trade on Tuesday. The stock's performance is in comparison to its previous close,",2025-07-15,-1,False,,nifty,Low ESG relevance or finance-only context,2026-09-03
HCLTECH,HCL Technologies,"Buy HCL Technologies; target of Rs 1850: Sharekhan Sharekhan's research report on HCL Technologies  Reported revenue stood at $3,545 million, up 1.3 % q-o-q/5.4% y-oy, in line with our estimate of $3,",2025-07-15,0,False,,,Low ESG relevance or finance-only context,2026-09-03
HCLTECH,HCL Technologies,"Sensex falls 400 pts, Nifty at 23,200: Trump’s reciprocal tariffs among key factors to rattle markets Benchmark indices Sensex and Nifty slipped in early trade on Thursday, tracking weak global cues a",2025-04-03,-3,False,,"candlestick, nifty, sensex",Low ESG relevance or finance-only context,2026-09-03
HCLTECH,HCL Technologies,"Sensex drops nearly 400 pts, Nifty below 25,000: Muted global cues among key factors behind market decline The equity benchmarks came under pressure on Friday as profit-booking and weak global cues dr",2025-05-16,-4,False,,"intraday, resistance, nifty, sensex",Low ESG relevance or finance-only context,2026-09-03
HCLTECH,HCL Technologies,"Hold HCL Technologies; target of Rs 1693: Deven Choksey Deven Choksey's research report on HCL Technologies  Q1FY26 revenue came in at INR 3,03,490 Mn. (+0.3% QoQ /+8.2% YoY), in-line with our estimat",2025-07-16,-1,False,,target price,Low ESG relevance or finance-only context,2026-09-03
HCLTECH,HCL Technologies,"HCL Technologies shares fall 4% on weaker-than-expected Q1 show; should you buy, sell, or hold? IT services player HCL Technologies Ltd shares slipped on Tuesday, July 15, after the information techno",2025-07-15,-2,False,,"target price, brokerage",Low ESG relevance or finance-only context,2026-09-03
HCLTECH,HCL Technologies,"HCL Tech Standalone June 2025 Net Sales at Rs 13,073.00 crore, up 10.94% Y-o-Y Reported Standalone quarterly numbers for HCL Technologies are:    Net Sales at Rs 13,073.00 crore in June 2025 up 10.94%",2025-07-15,0,False,,,Low ESG relevance or finance-only context,2026-09-03
HCLTECH,HCL Technologies,"Infosys Q1 preview: 5 key factors to watch for As Infosys gets ready to announce its first quarter results on July 23, investors will be closely tracking signs of a turnaround at India’s second-larges",2025-07-22,0,False,environment,brokerage,Low ESG relevance or finance-only context,2026-09-03
HCLTECH,HCL Technologies,"HCLTech Q1 results: Net profit falls 10% to Rs 3,843 crore, firm declares Rs 12 dividend IT services firm HCLTech on July 14 reported 10% decline in consolidated net profit at Rs 3,843 crore for the q",2025-07-14,0,False,environment,q1 results,Low ESG relevance or finance-only context,2026-09-03
HCLTECH,HCL Technologies,Buy HCL Technologies; target of Rs 2000: Motilal Oswal Motilal Oswal's research report on HCL Technologies  We hosted the management of HCL Technologies (HCLT) for a two-day NDR in London on 16th-17th,2025-07-24,0,False,,,Low ESG relevance or finance-only context,2026-09-03
HCLTECH,HCL Technologies,"HCL Tech Standalone March 2025 Net Sales at Rs 13,432.00 crore, up 11.22% Y-o-Y Reported Standalone quarterly numbers for HCL Technologies are:    Net Sales at Rs 13,432.00 crore in March 2025 up 11.2",2025-04-24,0,False,,,Low ESG relevance or finance-only context,2026-09-03
HCLTECH,HCL Technologies,"HCL Technologies shares fall 2.70% amid high volume in early trade Shares of HCL Technologies declined by 2.70% to Rs 1,576 in early trade on Tuesday. The stock experienced a jump in volume and is cur",2025-07-15,-1,False,,nifty,Low ESG relevance or finance-only context,2026-09-03
HCLTECH,HCL Technologies,"Sensex snaps 2-day winning streak, Nifty holds 22,500 after volatile session amid US tariff concerns; IT, realty drag Sensex ended marginally lower on Friday after a choppy session as concerns over gl",2025-03-07,-4,False,,"intraday, resistance, nifty, sensex",Low ESG relevance or finance-only context,2026-09-03
HCLTECH,HCL Technologies,"Buy HCL Technologies; target of Rs 1800: Motilal Oswal Motilal Oswal's research report on HCL Technologies  HCL Technologies (HCLT) reported 4QFY25 revenue of USD3.4b, down 0.8% QoQ and 2.9% YoY in co",2025-04-23,0,False,,,Low ESG relevance or finance-only context,2026-09-03
HCLTECH,HCL Technologies,"Trade Spotlight: How should you trade CG Power Industrial, Ashok Leyland, HCL Technologies, BPCL, Biocon, Lupin, GAIL and others on June 12? Equity benchmark indices finished 0.15 percent higher on Ju",2025-06-12,-1,False,,nifty,Low ESG relevance or finance-only context,2026-09-03
HCLTECH,HCL Technologies,"Trade Spotlight: How should you trade Paytm, Indian Bank, InterGlobe Aviation, Larsen & Toubro, Transrail Lighting, Fortis Healthcare, and others on August 12? Equity benchmark indices bounced back wi",2025-08-12,-1,False,,resistance,Low ESG relevance or finance-only context,2026-09-03
HCLTECH,HCL Technologies,"Trade Spotlight: How should you trade TBO Tek, CreditAccess Grameen, MCX, Maruti Suzuki, Acutaas Chemicals, Max Financial, and others on August 13? The benchmark indices failed to extend the previous ",2025-08-12,-4,False,,"stock price, resistance, support level, nifty",Low ESG relevance or finance-only context,2026-09-03
TECHM,Tech Mahindra,Tech Mahindra initiates key leadership changes to drive growth IT services major Tech Mahindra on May 13 announced several leadership changes to drive strategic growth in critical markets.    Manish M,2025-05-13,0,False,,,Low ESG relevance or finance-only context,2026-09-03
TECHM,Tech Mahindra,"Infosys, TCS, other IT heavyweights drop 1%, IT index snaps 2-day gaining streak amid weak market Several IT stocks declined on May 27, pushing the Nifty IT index down into the red to snap its two-day",2025-05-27,-3,False,,"share price, nifty, sensex",Low ESG relevance or finance-only context,2026-09-03
TECHM,Tech Mahindra,"Nifty IT index tops the chart after gaining Rs 1.16 lakh crore in value in nine sessions with eight up days The shares of TCS and Infosys were among the leading contributor on Sensex, as IT companies ",2025-06-16,-1,False,environment,"nifty, sensex",Low ESG relevance or finance-only context,2026-09-03
TECHM,Tech Mahindra,"Sensex soars 500 pts, Nifty above 24,700: Easing inflation among key factors behind market rebound The benchmark stock indices rebounded on Wednesday, with the Sensex jumping over 500 points and the N",2025-05-14,-4,False,,"intraday, support level, nifty, sensex",Low ESG relevance or finance-only context,2026-09-03
TECHM,Tech Mahindra,"Nifty IT sharply down on selloff after Fed's inflation, tariff view; Wipro sole gainer on upgrade Shares of IT companies were sharply lower on June 19, after the US Federal Reserve kept key interest r",2025-06-19,-2,False,,"target price, nifty",Low ESG relevance or finance-only context,2026-09-03
TECHM,Tech Mahindra,"Buy Tech Mahindra; target of Rs 1950: Motilal Oswal Motilal Oswal's research report on Tech Mahindra  Tech Mahindra (TECHM) reported 4QFY25 revenue of USD1.5b, down 1.5% QoQ in constant currency (CC) ",2025-04-25,0,False,,,Low ESG relevance or finance-only context,2026-09-03
TECHM,Tech Mahindra,"Chartist Talks: Sudeep Shah of SBI Securities urges caution, reveals top stock ideas for the coming week According to Sudeep Shah of SBI Securities, the overall chart structure suggests that the marke",2025-06-15,-3,False,,"intraday, resistance, nifty",Low ESG relevance or finance-only context,2026-09-03
TECHM,Tech Mahindra,"Tech Mahindra Q4FY25 earnings signal turnaround, brokerages optimistic Shares of Tech Mahindra have slipped after a quiet start, in line with the weakness in broader markets, even as the IT services c",2025-04-25,-2,False,environment,"target price, buy call, brokerage",Low ESG relevance or finance-only context,2026-09-03
TECHM,Tech Mahindra,"Sensex settles nearly 600 pts lower, Nifty below 24,700: FII selling, rising India VIX among key factors behind market fall The equity benchmark indices Sensex and Nifty declined for the third day on ",2025-07-28,-4,False,,"intraday, resistance, nifty, sensex",Low ESG relevance or finance-only context,2026-09-03
TECHM,Tech Mahindra,"Trade Spotlight: How should you trade Ramco Cements, Mphasis, CRISIL, Prism Johnson, NIIT, Jindal Steel, BHEL and others on June 11? The benchmark indices closed flat amid rangebound trading on June 1",2025-06-10,-3,False,,"candlestick, support level, nifty",Low ESG relevance or finance-only context,2026-09-03
TECHM,Tech Mahindra,"Trade Spotlight: How should you trade Axis Bank, Power Mech Projects, UltraTech Cement, Jupiter Life, Jubilant Foodworks, and others on March 26? The market has seen some consolidation after surpassin",2025-03-26,-4,False,,"stock price, candlestick, resistance, support level",Low ESG relevance or finance-only context,2026-09-03
TECHM,Tech Mahindra,"Black Friday: Sensex crashes over 1,000 pts, Nifty sinks below 22,900; Trump tariffs among key factors to spook markets Equity markets witnessed a sharp sell-off on Friday, with benchmark indices fall",2025-04-04,-5,False,,"intraday, resistance, support level, nifty, sensex",Low ESG relevance or finance-only context,2026-09-03
TECHM,Tech Mahindra,Accumulate Tech Mahindra; target of Rs 1530: Prabhudas Lilladher Prabhudas Lilladher's research report on Tech Mahindra  The performance on the topline (-1.5% CC QoQ) was below our estimates (+0.3% CC,2025-04-25,0,False,,,Low ESG relevance or finance-only context,2026-09-03
TECHM,Tech Mahindra,"Buy Tech Mahindra; target of Rs 1950: Sharekhan Sharekhan's research report on Tech Mahindra  Reported revenues stood at $1,564 million, down 1.4% q-o-q in CC terms, missing our estimate of a 0.7% seq",2025-07-18,0,False,,,Low ESG relevance or finance-only context,2026-09-03
TECHM,Tech Mahindra,"Sensex slips 400 pts from day's high, Nifty below 25,350: Trade deal jitters among key factors behind market decline The equity benchmarks Sensex and Nifty opened marginally higher on Friday, tracking",2025-07-04,-3,False,,"resistance, nifty, sensex",Low ESG relevance or finance-only context,2026-09-03
TECHM,Tech Mahindra,"IT, metal, realty stocks tumble up to 4% as Trump's tariffs, FOMC meet outcome weigh The shares of IT, metal and realty companies tumbled in morning trade on July 31 as Trump’s tariffs and penalty on ",2025-07-31,0,False,"environment, penalty","nifty, sensex",Low ESG relevance or finance-only context,2026-09-03
TECHM,Tech Mahindra,"Sensex jumps 600 pts, Nifty above 23,300: Positive global cues ahead of US tariffs among key factors behind market rally Benchmark indices Sensex and Nifty surged in early trade on Wednesday, recoveri",2025-04-02,-3,False,,"support level, nifty, sensex",Low ESG relevance or finance-only context,2026-09-03
TECHM,Tech Mahindra,"Tech Mahindra, NTPC, Zomato shares lead over 400-point recovery on Sensex from day's low The Sensex recovered major losses to end flat as markets closed on February 18. The benchmark index recovered  ",2025-02-18,-3,False,,"stock price, trading volume, sensex",Low ESG relevance or finance-only context,2026-09-03
TECHM,Tech Mahindra,"Persistent, TechM, other IT stocks drop up to 4% amid escalating US-China trade tensions The shares of IT companies tumbled on June 2 amid escalating trade tensions between US and China. The sharp fal",2025-06-02,-2,False,,"share price, nifty",Low ESG relevance or finance-only context,2026-09-03
TECHM,Tech Mahindra,"Trade Spotlight: How should you trade Maruti Suzuki, APL Apollo Tubes, Devyani International, Aditya Birla Capital, Motherson, and others on May 8? The benchmark indices recovered smartly from the day",2025-05-07,-3,False,,"candlestick, resistance, nifty",Low ESG relevance or finance-only context,2026-09-03
TECHM,Tech Mahindra,"Sensex plunges 800 pts, Nifty below 24k as Pahalgam attack fuels geopolitical jitters; small, midcap indices fall 3% The Indian stock market is under pressure on April 25, continuing with losses after",2025-04-25,-3,False,,"intraday, nifty, sensex",Low ESG relevance or finance-only context,2026-09-03
TECHM,Tech Mahindra,"Auto, IT stocks in red amid tariff uncertainty; Maruti Suzuki, Tech Mahindra shares down up to 2% The shares of auto and IT companies dropped on July 7 as uncertainties around higher US tariffs and no",2025-07-07,-2,False,,"share price, nifty",Low ESG relevance or finance-only context,2026-09-03
TECHM,Tech Mahindra,"Brokerages mixed on Tech Mahindra following Q1 show, shares fall; should you buy, sell, or hold shares? Information and technology player Tech Mahindra Ltd (TechM) shares fell on Thursday, July 17, af",2025-07-17,-2,False,,"target price, brokerage",Low ESG relevance or finance-only context,2026-09-03
TECHM,Tech Mahindra,"Tech Mahindra Q1 Results: Net profit jumps 34% on-year, tops Rs 1,140 crore on low expenditure Tech Mahindra reported a robust set of earnings for Q1 FY26, with the net profit jumping 34% year-on-year",2025-07-16,0,False,environment,q1 results,Low ESG relevance or finance-only context,2026-09-03
TECHM,Tech Mahindra,"Tech Mahindra loses 622 employees in Q1, third consecutive quarter of decline IT services major Tech Mahindra's headcount decreased by 622 sequentially in the first quarter ended June 30, 2025. This i",2025-07-16,-1,False,,q1 results,Low ESG relevance or finance-only context,2026-09-03
TECHM,Tech Mahindra,"Buy Tech Mahindra; target of Rs 2000: Motilal Oswal Motilal Oswal's research report on Tech Mahindra  Tech Mahindra (TECHM) reported 1QFY26 revenue of USD1.6b, down 1.4% QoQ in constant currency (CC) ",2025-07-17,0,False,,,Low ESG relevance or finance-only context,2026-09-03
TECHM,Tech Mahindra,"Nifty IT rallies one percent, snapping a two-day fall on strong Nvidia Q1, ruling against Trump tariffs The shares of IT companies surged on May 29 after US chipmaker Nvidia posted strong Q1 results a",2025-05-29,-2,False,,"q1 results, nifty",Low ESG relevance or finance-only context,2026-09-03
TECHM,Tech Mahindra,"Tech Mahindra share price falls 2.02% on Nifty 50 Shares of Tech Mahindra declined by 2.02 percent to Rs 1,570.20 on Monday. At 12:16 pm, the stock was trading lower on the Nifty 50.    Quarterly Fina",2025-07-14,-2,False,,"share price, nifty",Low ESG relevance or finance-only context,2026-09-03
TECHM,Tech Mahindra,"Sensex falls 300 pts, Nifty below 24,750 on renewed tariff concerns; Auto, Metal, IT drag The equity benchmarks Sensex and Nifty extended losses by noon after a flat start on Friday amid weak global c",2025-05-30,-2,False,,"nifty, sensex",Low ESG relevance or finance-only context,2026-09-03
TECHM,Tech Mahindra,"Tech Mahindra Consolidated June 2025 Net Sales at Rs 13,351.20 crore, up 2.66% Y-o-Y Reported Consolidated quarterly numbers for Tech Mahindra are:    Net Sales at Rs 13,351.20 crore in June 2025 up 2",2025-07-17,0,False,,,Low ESG relevance or finance-only context,2026-09-03
TECHM,Tech Mahindra,"Tech Mahindra Consolidated March 2025 Net Sales at Rs 13,384.00 crore, up 3.98% Y-o-Y Reported Consolidated quarterly numbers for Tech Mahindra are:    Net Sales at Rs 13,384.00 crore in March 2025 up",2025-04-25,0,False,,,Low ESG relevance or finance-only context,2026-09-03
TECHM,Tech Mahindra,"Tech Mahindra Standalone March 2025 Net Sales at Rs 11,583.60 crore, up 11.26% Y-o-Y Reported Standalone quarterly numbers for Tech Mahindra are:    Net Sales at Rs 11,583.60 crore in March 2025 up 11",2025-04-25,0,False,,,Low ESG relevance or finance-only context,2026-09-03
TECHM,Tech Mahindra,"Tech Mahindra Standalone June 2025 Net Sales at Rs 11,594.60 crore, up 9.08% Y-o-Y Reported Standalone quarterly numbers for Tech Mahindra are:    Net Sales at Rs 11,594.60 crore in June 2025 up 9.08%",2025-07-18,0,False,,,Low ESG relevance or finance-only context,2026-09-03
TECHM,Tech Mahindra,"IT shares snap three-day gaining streak ahead of US Fed meet; Coforge, TCS, others fall up to 1.5% The shares of several IT companies dropped on June 18, pushing the Nifty IT index down over half a pe",2025-06-18,-2,False,,"nifty, sensex",Low ESG relevance or finance-only context,2026-09-03
TECHM,Tech Mahindra,"Buy Tech Mahindra; target of Rs 1650: Sharekhan Sharekhan's research report on Tech Mahindra  Reported revenue stood at $1,549 million, down 1.5% q-o-q in CC terms missing our estimate of 0.6% sequent",2025-04-29,0,False,,,Low ESG relevance or finance-only context,2026-09-03
TECHM,Tech Mahindra,"Tech Mahindra Shares Trade Lower Today Amid High Volume During today's session, Tech Mahindra shares experienced a decline of 0.84 percent, with the current price at Rs 1,536.10. This movement occurre",2025-06-03,-1,False,,nifty,Low ESG relevance or finance-only context,2026-09-03
TECHM,Tech Mahindra,"Tech Mahindra Shares Rise by 1.22%, Experience Increased Trading Volume Today During today's trading session, Tech Mahindra shares saw a notable increase in trading volume, accompanied by a rise of 1.",2025-06-04,-1,False,inclusion,"trading volume, nifty",Low ESG relevance or finance-only context,2026-09-03
TECHM,Tech Mahindra,"LTI Mindtree, TechM surge 2% as IT index rallies on a rangebound day: What's pushing IT higher Shares of IT companies sharply ended higher on April 29, sharply off lows on hopes of easing trade tensio",2025-04-29,-4,False,environment,"share price, stock price, brokerage, q4 results, nifty",Low ESG relevance or finance-only context,2026-09-03
TECHM,Tech Mahindra,"Sensex falls nearly 350 points, Nifty below 25,400: IT losses among key factors behind market decline The benchmark stock indices Sensex and Nifty traded lower on Thursday, as losses in IT stocks as c",2025-07-10,-3,False,,"q1 results, nifty, sensex",Low ESG relevance or finance-only context,2026-09-03
TECHM,Tech Mahindra,"Persistent Systems, Infosys, other IT shares drop up to 2% as trade, geopolitical tensions weigh The shares of major IT players dropped on June 12 after uncertain US tariff rules and geopolitical tens",2025-06-12,0,False,labor,nifty,Low ESG relevance or finance-only context,2026-09-03
TECHM,Tech Mahindra,"Trade Spotlight: How should you trade TVS Motor, CDSL, Angel One, Tech Mahindra, Container Corporation, Adani Green Energy and others on May 19? The benchmark indices took a breather after a 1.6 perce",2025-05-18,-3,False,green energy,"resistance, support level, trading volume, nifty",Low ESG relevance or finance-only context,2026-09-03
TECHM,Tech Mahindra,"Trade Spotlight: How should you trade Chennai Petroleum, NHPC, Valor Estate, KPR Mill, Motherson Sumi Wiring, Tech Mahindra and others on July 9? Equity benchmarks gained strength in late trade after ",2025-07-08,-3,False,,"intraday, support level, nifty",Low ESG relevance or finance-only context,2026-09-03
TECHM,Tech Mahindra,"Coforge, Mphasis, other IT shares rise up to 4% on optimism over US-China trade talks The shares of IT companies are higher on June 10, pushing the Nifty IT index up over 1.5 percent to emerge as the ",2025-06-10,-4,False,,"share price, target price, brokerage, nifty",Low ESG relevance or finance-only context,2026-09-03
TECHM,Tech Mahindra,"Sensex rises over 250 points, Nifty above 24,600: Positive global cues among key factors behind market rise The benchmark equity indices rebounded on Wednesday, recovering from a three-day losing stre",2025-06-04,-2,False,,"nifty, sensex",Low ESG relevance or finance-only context,2026-09-03
TECHM,Tech Mahindra,"Sensex down 500 pts, Nifty below 25,100: Nestle Q1 results among key factors behind market decline The benchmark indices gave up early gains and traded lower at around noon on Thursday, dragged by sel",2025-07-24,-6,False,,"stock price, brokerage, resistance, q1 results, nifty, sensex",Low ESG relevance or finance-only context,2026-09-03
TECHM,Tech Mahindra,"'Sholay days of IT are over': CP Gurnani says TCS layoffs show focus towards outcome, not headcount CP Gurnani, IT industry veteran and former CEO of Tech Mahindra, said layoffs at TCS imply that the ",2025-07-28,0,False,,,Low ESG relevance or finance-only context,2026-09-03
TECHM,Tech Mahindra,"Tech Mahindra Announces Special Window for Physical Share Transfers Tech Mahindra Limited has announced a special window for re-lodgement of transfer requests of physical shares, as per a notification",2025-08-05,0,False,,,Low ESG relevance or finance-only context,2026-09-03
TECHM,Tech Mahindra,"Tech Mahindra, Infosys, other IT stocks tumble on concerns over US' fiscal deficit The shares of IT companies tumbled on May 22, tracking Wall Street peers over concerns of possible widening of US' fe",2025-05-22,-2,False,,"nifty, sensex",Low ESG relevance or finance-only context,2026-09-03
TECHM,Tech Mahindra,"Tech Mahindra shares rise by 2.1% in today's session Tech Mahindra's stock experienced a rise of 2.1% to reach Rs 1644.80 in today's session, driven by positive investor sentiment. This increase marks",2025-06-11,-2,False,,"stock price, nifty",Low ESG relevance or finance-only context,2026-09-03
TECHM,Tech Mahindra,IT stocks drop up to 1.5% ahead of TCS Q1 results tomorrow The shares of IT companies declined in trade on July 9 as investors actively awaited the release of the first set to Q1 FY26 results from the,2025-07-09,-2,False,environment,"share price, q1 results, nifty",Low ESG relevance or finance-only context,2026-09-03
TECHM,Tech Mahindra,"Infosys, TechM, others up 2% as US Fed chief Powell's testimony spurs rate cut bets Shares of IT companies were higher on June 25 as market participants saw US Federal Reserve Chair Jerome Powell's te",2025-06-25,-1,False,labor,"share price, nifty",Low ESG relevance or finance-only context,2026-09-03
TECHM,Tech Mahindra,"Investors cheer Trump's tariff pause: These are the top gaining spaces Benchmark Indian indices surged on April 11, with Sensex rising over 1,300 points and Nifty 50 up nearly 2 percent following a re",2025-04-11,-1,False,labor,"nifty, sensex",Low ESG relevance or finance-only context,2026-09-03
TECHM,Tech Mahindra,"Coforge, HCL Tech, other IT names rise up to 3% on hopes of early Fed rate cut, Nasdaq rally The Nifty IT index is higher on June 27, tracking Wall Street peers on rising hopes of a US Fed rate cut so",2025-06-27,-1,False,,nifty,Low ESG relevance or finance-only context,2026-09-03
TECHM,Tech Mahindra,"Sensex surges 300 pts from day's low, Nifty above 25,200: 3 key reasons behind market rise The equity benchmark indices Sensex and Nifty settled marginally higher on Wednesday, rebounding from early l",2025-07-16,-4,False,,"intraday, q1 results, nifty, sensex",Low ESG relevance or finance-only context,2026-09-03
TECHM,Tech Mahindra,"Sensex settles 600 pts lower, Nifty below 24,600: Trump's tariffs among key factors behind market fall Benchmark equity indices fell to their lowest levels in about two months on Friday, dragged down ",2025-08-01,-4,False,,"intraday, resistance, nifty, sensex",Low ESG relevance or finance-only context,2026-09-03
TECHM,Tech Mahindra,"Sensex declines over 200 pts, Nifty below 25,100: Selling in IT stocks among key factors behind market decline The equity benchmarks Sensex and Nifty declined for the fourth straight day on Monday ami",2025-07-14,-3,False,,"intraday, nifty, sensex",Low ESG relevance or finance-only context,2026-09-03
TECHM,Tech Mahindra,Trump's tariff scare spooks Dalal Street: Three stocks that bled the most on Sensex The selling pressure on Dalal Street - induced by US President Trump's tariff scare - saw a cut of over 500 points o,2025-02-10,-3,False,,"share price, trading volume, sensex",Low ESG relevance or finance-only context,2026-09-03
TECHM,Tech Mahindra,"Sensex recovers over 900 pts from day's low, Nifty near 24,600: 5 key reasons behind sharp market recovery The equity benchmark indices pared early losses and staged a smart recovery on the weekly exp",2025-08-07,-3,False,,"intraday, nifty, sensex",Low ESG relevance or finance-only context,2026-09-03
TECHM,Tech Mahindra,"Sensex, Nifty extend gaining streak to 6th day: Does this rally have more legs? Here's what experts say Benchmark equity indices Sensex and Nifty extended their gaining streak for the sixth consecutiv",2025-03-24,-3,False,sustainability,"resistance, support level, nifty, sensex",Low ESG relevance or finance-only context,2026-09-03
TECHM,Tech Mahindra,"Coforge, HCL Tech, Wipro, other IT shares jump up to 7% amid hopes of easing trade tensions The shares of IT companies strongly surged on April 23 after US President Donald Trump hinted at slashing ta",2025-04-23,-3,False,,"share price, q4 results, nifty",Low ESG relevance or finance-only context,2026-09-03
TECHM,Tech Mahindra,"Sensex falls 200 pts, Nifty below 25,500 amid caution ahead of India-US trade deal, Q1 earnings announcement; metal, IT stocks decline The equity benchmark indices closed lower on Wednesday as investo",2025-07-09,-2,False,,"nifty, sensex",Low ESG relevance or finance-only context,2026-09-03
TECHM,Tech Mahindra,"Pharma, IT stocks tumble up to 4% as Trump tariffs take effect The shares of pharma and IT companies tumbled on March 4 as US President Donald Trump's tariffs on Canada and Mexico came into effect, wh",2025-03-04,-1,False,labor,"share price, nifty",Low ESG relevance or finance-only context,2026-09-03
TECHM,Tech Mahindra,"Sensex slips over 1,000 pts, Nifty below 24,500: Rising US bond yields among key factors behind market sell-off The benchmark equity indices tumbled over 1 percent on Thursday, tracking a sharp sell-o",2025-05-22,0,False,"sustainability, sustainable","nifty, sensex",Low ESG relevance or finance-only context,2026-09-03
TECHM,Tech Mahindra,"Sensex drops over 800 pts, Nifty below 23,500: Lack of US tariff clarity among key factors behind market decline Equity benchmark indices Sensex and Nifty declined over 1 percent on Wednesday after a ",2025-03-26,-4,False,labor,"intraday, resistance, support level, nifty, sensex",Low ESG relevance or finance-only context,2026-09-03
TECHM,Tech Mahindra,"Sensex falls 400 pts, Nifty at 23,200: Trump’s reciprocal tariffs among key factors to rattle markets Benchmark indices Sensex and Nifty slipped in early trade on Thursday, tracking weak global cues a",2025-04-03,-3,False,,"candlestick, nifty, sensex",Low ESG relevance or finance-only context,2026-09-03
TECHM,Tech Mahindra,"Q1 impact: Deepinder Goyal's net worth surges by Rs 1,700 crore as Eternal shares rise 20% in two days Eternal, the parent company of Zomato and Blinkit, saw its shares surge nearly 15 percent to hit ",2025-07-22,-1,False,waste,"trading volume, nifty",Low ESG relevance or finance-only context,2026-09-03
TECHM,Tech Mahindra,"Sensex falls 600 pts, Nifty below 24,600: Tariff tensions, other key factors behind market decline The benchmark equity indices fell sharply on Monday, with the BSE Sensex tumbling nearly 600 points a",2025-06-02,-2,False,,"nifty, sensex",Low ESG relevance or finance-only context,2026-09-03
TECHM,Tech Mahindra,"Sensex snaps 2-day winning streak, Nifty holds 22,500 after volatile session amid US tariff concerns; IT, realty drag Sensex ended marginally lower on Friday after a choppy session as concerns over gl",2025-03-07,-4,False,,"intraday, resistance, nifty, sensex",Low ESG relevance or finance-only context,2026-09-03
TECHM,Tech Mahindra,"Sensex plunges 1,400 pts, Nifty ends below 22,150 on fresh tariff concerns; markets lose Rs 8.8 lakh crore in m-cap Sensex and Nifty tumbled almost 2 percent on February 28, caught in a wave of broad-",2025-02-28,-2,False,,"nifty, sensex",Low ESG relevance or finance-only context,2026-09-03
TECHM,Tech Mahindra,"Trade Spotlight: How should you trade Tech Mahindra, Zomato, Ajanta Pharma, IndiGo, JSW Steel, and others on February 19? The benchmark indices closed the rangebound session with a marginal loss on Fe",2025-02-18,-2,False,,"candlestick, resistance",Low ESG relevance or finance-only context,2026-09-03
TECHM,Tech Mahindra,"Trade Spotlight: How should you trade Sanghvi Movers, Kajaria Ceramics, TVS Motor, Tech Mahindra, Medanta, Pidilite Industries, and others on August 11? The benchmark saw a nearly 1 percent correction",2025-08-11,-1,False,sustainability,"intraday, resistance",Low ESG relevance or finance-only context,2026-09-03
LTIM,LTIMindtree,"Nifty IT sharply down on selloff after Fed's inflation, tariff view; Wipro sole gainer on upgrade Shares of IT companies were sharply lower on June 19, after the US Federal Reserve kept key interest r",2025-06-19,-2,False,,"target price, nifty",Low ESG relevance or finance-only context,2026-09-03
LTIM,LTIMindtree,"Stocks to Watch Today: Hitachi Energy, Lemon Tree Hotels, Embassy Developments, Western Carriers, Power Mech, Premier Energies in focus on 27 June Let's catch up on the latest news from the stock mark",2025-06-27,0,False,,,Low ESG relevance or finance-only context,2026-09-03
LTIM,LTIMindtree,"Trade Spotlight: How should you trade Crompton Greaves Consumer, Tata Motors, Kotak Mahindra Bank, SRF, ITD Cementation, and others on March 13? The market cut down losses due to buying interest in th",2025-03-13,-1,False,sustainable,"candlestick, nifty",Low ESG relevance or finance-only context,2026-09-03
LTIM,LTIMindtree,"Defence shares extend gains for 2nd day amid rising geopolitical tensions; Cochin Shipyard, BEML, others rally up to 5% Defence stocks made significant gains on June 3, pushing the Nifty India Defence",2025-06-03,-2,False,,"nifty, sensex",Low ESG relevance or finance-only context,2026-09-03
LTIM,LTIMindtree,"Bajaj Finance’s Rajeev Jain likely to be elevated to Bajaj Finserv’s board A succession planning exercise is underway at Sanjiv Bajaj-led Bajaj Finserv group, and Moneycontrol has learnt from highly-p",2025-03-19,0,False,,,Low ESG relevance or finance-only context,2026-09-03
LTIM,LTIMindtree,"Sensex jumps 500 pts, Nifty above 24,500: Sharp fall in crude, other key factors behind market rally The equity benchmark indices Sensex and Nifty surged in early trade on Monday amid sustained foreig",2025-05-05,-4,False,,"intraday, candlestick, nifty, sensex",Low ESG relevance or finance-only context,2026-09-03
LTIM,LTIMindtree,Reliance only Indian firm in highly valued global technology companies list Billionaire Mukesh Ambani’s Reliance Industries is the only Indian firm to have made it to the listing of top 30 publicly tr,2025-06-02,0,False,,,Low ESG relevance or finance-only context,2026-09-03
LTIM,LTIMindtree,"Trade Spotlight: How should you trade Nykaa, Amber Enterprises, JSW Steel, UltraTech Cement, Gujarat Gas, Lupin, and others on July 3? The benchmark indices saw profit booking on July 2, falling more ",2025-07-02,-2,False,,"candlestick, resistance",Low ESG relevance or finance-only context,2026-09-03
LTIM,LTIMindtree,"Pharma stocks slump as Trump shoots letters to 17 global drug majors seeking lower prices Shares of leading pharma companies are sharply lower, as investors tried to assess the impact of US President ",2025-08-01,-2,False,,"brokerage, nifty",Low ESG relevance or finance-only context,2026-09-03
LTIM,LTIMindtree,"'Sholay days of IT are over': CP Gurnani says TCS layoffs show focus towards outcome, not headcount CP Gurnani, IT industry veteran and former CEO of Tech Mahindra, said layoffs at TCS imply that the ",2025-07-28,0,False,,,Low ESG relevance or finance-only context,2026-09-03
LTIM,LTIMindtree,"Infosys, TechM, others up 2% as US Fed chief Powell's testimony spurs rate cut bets Shares of IT companies were higher on June 25 as market participants saw US Federal Reserve Chair Jerome Powell's te",2025-06-25,-1,False,labor,"share price, nifty",Low ESG relevance or finance-only context,2026-09-03
LTIM,LTIMindtree,"Metal, realty stocks tumble up to 3% as US Fed's hawkish stance weighs in The shares of metal and real estate companies tumbled on June 19, as no rate cuts from the US Federal Reserve sent jitters to ",2025-06-19,-2,False,,"share price, nifty",Low ESG relevance or finance-only context,2026-09-03
LTIM,LTIMindtree,"Taking Stock: Market snaps 4-day gain; Nifty manages to close above 25,500 Indian equity indices started the week on a weak footing as the benchmarks snapped a four-day gaining streak, dragging Nifty ",2025-06-30,-6,False,,"intraday, candlestick, resistance, support level, nifty, sensex",Low ESG relevance or finance-only context,2026-09-03
LTIM,LTIMindtree,"Sensex declines over 200 pts, Nifty below 25,100: Selling in IT stocks among key factors behind market decline The equity benchmarks Sensex and Nifty declined for the fourth straight day on Monday ami",2025-07-14,-3,False,,"intraday, nifty, sensex",Low ESG relevance or finance-only context,2026-09-03
LTIM,LTIMindtree,"Sensex soars 450 pts, Nifty above 25,200: Easing inflation, IT buying, other key factors behind market rebound The benchmark equity indices Sensex and Nifty bounced back on Tuesday after four consecut",2025-07-15,-4,False,,"intraday, q1 results, nifty, sensex",Low ESG relevance or finance-only context,2026-09-03
LTIM,LTIMindtree,"Nifty IT crashes 2% as fall in Persistent Systems, Coforge, Infosys shares weighs The Nifty IT index tumbled almost two percent in trade, dragged by midcap IT services players Persistent Systems Ltd a",2025-07-24,-2,False,,"brokerage, nifty",Low ESG relevance or finance-only context,2026-09-03
LTIM,LTIMindtree,"Trade Spotlight: How should you trade Kaynes Technology, Jindal Stainless, Hero MotoCorp, CCL Products, Grasim Industries and others on August 5? The benchmark indices snapped a two-day losing streak,",2025-08-05,-4,False,,"candlestick, resistance, support level, nifty",Low ESG relevance or finance-only context,2026-09-03
LTIM,LTIMindtree,Buy Ambuja Cement; target of Rs 692: Prabhudas Lilladher Prabhudas Lilladher's research report on Ambuja Cement  We visited Ambuja Cements’ (ACEM) Marwar Mundwa integrated cement unit and interacted w,2025-07-03,0,False,,,Low ESG relevance or finance-only context,2026-09-03
LTIM,LTIMindtree,"Buy HDFC Bank; target of Rs 2192: Geojit Financial Services Geojit Financial Services research report on HDFC Bank  Incorporated in August 1994, HDFC Bank provides a range of financial services includ",2025-05-14,-1,False,,target price,Low ESG relevance or finance-only context,2026-09-03
LTIM,LTIMindtree,"Zydus, Lupin seen weathering generic Myrbetriq court loss, says Elara report Zydus Lifesciences and Lupin are unlikely to face significant valuation impacts despite a US court ruling against them in a",2025-04-17,-3,False,,"stock price, target price, brokerage",Low ESG relevance or finance-only context,2026-09-03
LTIM,LTIMindtree,"Tariff tremors dent shares of Kalyan Jewellers despite a 37% revenue growth in March quarter Gold jewellery retailer Kalyan Jewellers' share prices fell over 3 percent in early trading on April 7, tra",2025-04-07,-1,False,,share price,Low ESG relevance or finance-only context,2026-09-03
LTIM,LTIMindtree,"RBL Bank evaluating opportunities in wealth management, says CEO RBL Bank is charting a plan to enter the wealth management space as it looks to position itself as a full-suite financial services prov",2025-05-21,0,False,,,Low ESG relevance or finance-only context,2026-09-03
MPHASIS,Mphasis,"Infosys, TCS, other IT heavyweights drop 1%, IT index snaps 2-day gaining streak amid weak market Several IT stocks declined on May 27, pushing the Nifty IT index down into the red to snap its two-day",2025-05-27,-3,False,,"share price, nifty, sensex",Low ESG relevance or finance-only context,2026-09-03
MPHASIS,Mphasis,"Nifty IT index tops the chart after gaining Rs 1.16 lakh crore in value in nine sessions with eight up days The shares of TCS and Infosys were among the leading contributor on Sensex, as IT companies ",2025-06-16,-1,False,environment,"nifty, sensex",Low ESG relevance or finance-only context,2026-09-03
MPHASIS,Mphasis,"Nifty IT sharply down on selloff after Fed's inflation, tariff view; Wipro sole gainer on upgrade Shares of IT companies were sharply lower on June 19, after the US Federal Reserve kept key interest r",2025-06-19,-2,False,,"target price, nifty",Low ESG relevance or finance-only context,2026-09-03
MPHASIS,Mphasis,"Trade Spotlight: How should you trade Ramco Cements, Mphasis, CRISIL, Prism Johnson, NIIT, Jindal Steel, BHEL and others on June 11? The benchmark indices closed flat amid rangebound trading on June 1",2025-06-10,-3,False,,"candlestick, support level, nifty",Low ESG relevance or finance-only context,2026-09-03
MPHASIS,Mphasis,"Small and midcap indices down for a second day over tariff threat and earnings Small and midcap shares were under selling pressure on August 6, weighing down the broader market indices for a second da",2025-08-06,0,False,sustainable,nifty,Low ESG relevance or finance-only context,2026-09-03
MPHASIS,Mphasis,"Markets at 5-week high: Sensex soars 900 pts, Nifty above 23,200 on Fed boost; all sectors in green Benchmark equity indices surged over 1 percent on Thursday, with the Nifty reclaiming the crucial 23",2025-03-20,-4,False,,"intraday, resistance, nifty, sensex",Low ESG relevance or finance-only context,2026-09-03
MPHASIS,Mphasis,"Sensex zooms 2,975 pts, Nifty above 24,900: India-Pak ceasefire among key factors behind massive market rally The domestic equity benchmarks rebounded sharply on Monday, with the Sensex rallying 2,975",2025-05-12,-3,False,,"intraday, nifty, sensex",Low ESG relevance or finance-only context,2026-09-03
MPHASIS,Mphasis,"IT, metal, realty stocks tumble up to 4% as Trump's tariffs, FOMC meet outcome weigh The shares of IT, metal and realty companies tumbled in morning trade on July 31 as Trump’s tariffs and penalty on ",2025-07-31,0,False,"environment, penalty","nifty, sensex",Low ESG relevance or finance-only context,2026-09-03
MPHASIS,Mphasis,"Persistent, TechM, other IT stocks drop up to 4% amid escalating US-China trade tensions The shares of IT companies tumbled on June 2 amid escalating trade tensions between US and China. The sharp fal",2025-06-02,-2,False,,"share price, nifty",Low ESG relevance or finance-only context,2026-09-03
MPHASIS,Mphasis,"Defence shares extend gains for 2nd day amid rising geopolitical tensions; Cochin Shipyard, BEML, others rally up to 5% Defence stocks made significant gains on June 3, pushing the Nifty India Defence",2025-06-03,-2,False,,"nifty, sensex",Low ESG relevance or finance-only context,2026-09-03
MPHASIS,Mphasis,"Auto, IT stocks in red amid tariff uncertainty; Maruti Suzuki, Tech Mahindra shares down up to 2% The shares of auto and IT companies dropped on July 7 as uncertainties around higher US tariffs and no",2025-07-07,-2,False,,"share price, nifty",Low ESG relevance or finance-only context,2026-09-03
MPHASIS,Mphasis,"Nifty IT rallies one percent, snapping a two-day fall on strong Nvidia Q1, ruling against Trump tariffs The shares of IT companies surged on May 29 after US chipmaker Nvidia posted strong Q1 results a",2025-05-29,-2,False,,"q1 results, nifty",Low ESG relevance or finance-only context,2026-09-03
MPHASIS,Mphasis,"IT shares snap three-day gaining streak ahead of US Fed meet; Coforge, TCS, others fall up to 1.5% The shares of several IT companies dropped on June 18, pushing the Nifty IT index down over half a pe",2025-06-18,-2,False,,"nifty, sensex",Low ESG relevance or finance-only context,2026-09-03
MPHASIS,Mphasis,"TCS job cuts worry brokerages as execution, attrition concerns emerge, stock slips Information technology giant Tata Consultancy Services Ltd (TCS) shares slipped in trade on Monday, July 28, after Mo",2025-07-28,-2,False,,"target price, brokerage",Low ESG relevance or finance-only context,2026-09-03
MPHASIS,Mphasis,"LTI Mindtree, TechM surge 2% as IT index rallies on a rangebound day: What's pushing IT higher Shares of IT companies sharply ended higher on April 29, sharply off lows on hopes of easing trade tensio",2025-04-29,-4,False,environment,"share price, stock price, brokerage, q4 results, nifty",Low ESG relevance or finance-only context,2026-09-03
MPHASIS,Mphasis,"Persistent Systems, Infosys, other IT shares drop up to 2% as trade, geopolitical tensions weigh The shares of major IT players dropped on June 12 after uncertain US tariff rules and geopolitical tens",2025-06-12,0,False,labor,nifty,Low ESG relevance or finance-only context,2026-09-03
MPHASIS,Mphasis,Indian drugmakers see potential tail wind in Trump’s MFN drug pricing plan Indian pharmaceutical companies are viewing US President Donald Trump’s revived “Most Favoured Nation” (MFN) pricing policy n,2025-05-14,-1,False,,resistance,Low ESG relevance or finance-only context,2026-09-03
MPHASIS,Mphasis,"Coforge, Mphasis, other IT shares rise up to 4% on optimism over US-China trade talks The shares of IT companies are higher on June 10, pushing the Nifty IT index up over 1.5 percent to emerge as the ",2025-06-10,-4,False,,"share price, target price, brokerage, nifty",Low ESG relevance or finance-only context,2026-09-03
MPHASIS,Mphasis,"Tech Mahindra, Infosys, other IT stocks tumble on concerns over US' fiscal deficit The shares of IT companies tumbled on May 22, tracking Wall Street peers over concerns of possible widening of US' fe",2025-05-22,-2,False,,"nifty, sensex",Low ESG relevance or finance-only context,2026-09-03
MPHASIS,Mphasis,"Infosys, TechM, others up 2% as US Fed chief Powell's testimony spurs rate cut bets Shares of IT companies were higher on June 25 as market participants saw US Federal Reserve Chair Jerome Powell's te",2025-06-25,-1,False,labor,"share price, nifty",Low ESG relevance or finance-only context,2026-09-03
MPHASIS,Mphasis,"Investors cheer Trump's tariff pause: These are the top gaining spaces Benchmark Indian indices surged on April 11, with Sensex rising over 1,300 points and Nifty 50 up nearly 2 percent following a re",2025-04-11,-1,False,labor,"nifty, sensex",Low ESG relevance or finance-only context,2026-09-03
MPHASIS,Mphasis,"Coforge, HCL Tech, other IT names rise up to 3% on hopes of early Fed rate cut, Nasdaq rally The Nifty IT index is higher on June 27, tracking Wall Street peers on rising hopes of a US Fed rate cut so",2025-06-27,-1,False,,nifty,Low ESG relevance or finance-only context,2026-09-03
MPHASIS,Mphasis,"Chartist Talks: SBI Securities' Sudeep Shah shares Nifty, Bank Nifty outlook, FIIs positioning, 2 stock picks for next week According to Sudeep Shah of SBI Securities, technical structure indicates th",2025-04-27,-1,False,sustainable,"support level, nifty",Low ESG relevance or finance-only context,2026-09-03
MPHASIS,Mphasis,"In-demand ULIPs drive topline, but insurers cautious to limit over-exposure After losing steam due to regulatory clampdowns and waning investor sentiment for over three years, Unit-Linked Insurance Pl",2025-04-21,0,False,,,Low ESG relevance or finance-only context,2026-09-03
MPHASIS,Mphasis,"Coforge, HCL Tech, Wipro, other IT shares jump up to 7% amid hopes of easing trade tensions The shares of IT companies strongly surged on April 23 after US President Donald Trump hinted at slashing ta",2025-04-23,-3,False,,"share price, q4 results, nifty",Low ESG relevance or finance-only context,2026-09-03
MPHASIS,Mphasis,"Sensex falls 200 pts, Nifty below 25,500 amid caution ahead of India-US trade deal, Q1 earnings announcement; metal, IT stocks decline The equity benchmark indices closed lower on Wednesday as investo",2025-07-09,-2,False,,"nifty, sensex",Low ESG relevance or finance-only context,2026-09-03
MPHASIS,Mphasis,"Pharma, IT stocks tumble up to 4% as Trump tariffs take effect The shares of pharma and IT companies tumbled on March 4 as US President Donald Trump's tariffs on Canada and Mexico came into effect, wh",2025-03-04,-1,False,labor,"share price, nifty",Low ESG relevance or finance-only context,2026-09-03
MPHASIS,Mphasis,"Sensex slips over 1,000 pts, Nifty below 24,500: Rising US bond yields among key factors behind market sell-off The benchmark equity indices tumbled over 1 percent on Thursday, tracking a sharp sell-o",2025-05-22,0,False,"sustainability, sustainable","nifty, sensex",Low ESG relevance or finance-only context,2026-09-03
MPHASIS,Mphasis,Hold BHEL; target of Rs 237: Prabhudas Lilladher Prabhudas Lilladher's research report on BHEL  We revise our FY26/27E EPS estimate by -31.6%/-12.7% accounting for lagging execution pace. BHEL deliver,2025-05-20,0,False,,,Low ESG relevance or finance-only context,2026-09-03
MPHASIS,Mphasis,"Small, midcap indices jump over 1%, outperform benchmarks: Here are the top gainers The shares of several smallcap and midcap indices recorded strong gains on June 9, pushing the broader market indice",2025-06-09,0,False,"sustainable, safety","nifty, sensex",Low ESG relevance or finance-only context,2026-09-03
MPHASIS,Mphasis,"Mid, smallcap indices surge over 4% on India-Pak ceasefire, Sino-US deal on trade The shares of midcap and smallcap companies strongly surged on May 12, pushing the Nifty Midcap and Nifty Smallcap ind",2025-05-12,-1,False,renewable,"nifty, sensex",Low ESG relevance or finance-only context,2026-09-03
MPHASIS,Mphasis,"Q1FY26 earnings: HDFC Life, ICICI Prudential rebalance product mix, inch towards protection-led growth In the first quarter of FY26, India’s top private life insurers, HDFC Life and ICICI Prudential L",2025-07-16,0,False,,,Low ESG relevance or finance-only context,2026-09-03
MPHASIS,Mphasis,"ABB India shares shoot up 3% as Motilal Oswal reiterates ‘buy’ on growth prospects In its recent annual report, ABB India Ltd. stressed upon its emphasis towards its potential high-growth segments, ex",2025-04-16,-1,False,water,"target price, brokerage",Low ESG relevance or finance-only context,2026-09-03
MPHASIS,Mphasis,"Data Patterns, Cochin Shipyard, Zen Technologies shares see profit booking after tearaway rally in last one month Data Patterns, Cochin Shipyard, Zen Technologies shares fell up to 3.6% after optimism",2025-06-09,-2,False,,"share price, nifty",Low ESG relevance or finance-only context,2026-09-03
MPHASIS,Mphasis,"TCS, Wipro shares fall up to 4% after Jefferies' IT downgrade citing tariff hit on US growth Top IT shares were among the leading laggards on the benchmark Sensex, with Trump's reciprocal tariffs kick",2025-04-09,-4,False,,"target price, buy call, brokerage, sensex",Low ESG relevance or finance-only context,2026-09-03
MPHASIS,Mphasis,"Top gainers and losers today: Stocks that moved the most on May 19 Benchmark indinces tumbled on May 19 tracking weak global cues, a selloff in IT shares and rising market volatility following Moody's",2025-05-19,-2,False,labor,"share price, nifty, sensex",Low ESG relevance or finance-only context,2026-09-03
MPHASIS,Mphasis,"Small, midcap indices extend gaining streak to 7 days; here are the top gainers The shares of smallcap and midcap companies continued to gain sharply on April 23, pushing the smallcap and midcap indic",2025-04-23,-1,False,labor,"share price, nifty",Low ESG relevance or finance-only context,2026-09-03
MPHASIS,Mphasis,"Nifty Midcap extends rally for a fifth session to gain 8% this week, strength likely to continue Shares of midcap companies extended their rally on March 21 to push the Nifty Midcap index up by over a",2025-03-21,-3,False,,"stock price, trading volume, nifty",Low ESG relevance or finance-only context,2026-09-03
MPHASIS,Mphasis,"CLSA sees NHPC shares doubling in four years, helped by projects on fast-track after Indus treaty suspension Shares of Mini Ratna PSU and hydroelectric power generation company NHPC - part of CLSA's h",2025-06-23,0,False,"water, renewable","share price, brokerage",Low ESG relevance or finance-only context,2026-09-03
MPHASIS,Mphasis,"Small, midcap indices outperform benchmarks to extend gains for a third session: These are the top gainers Rally in select small and midcap shares on May 14 pushed the broader market indices into the ",2025-05-14,-4,False,,"share price, q4 results, nifty, sensex",Low ESG relevance or finance-only context,2026-09-03
MPHASIS,Mphasis,"Hold RBL Bank: target of Rs 250: ICICI Securities ICICI Securities's research report on RBL Bank  RBL Bank (RBL) reported a weak set of results with a sharp ~40bps QoQ dip in NIM, double-digit NII de-",2025-07-23,-1,False,,target price,Low ESG relevance or finance-only context,2026-09-03
PERSISTENT,Persistent Systems,"Infosys, TCS, other IT heavyweights drop 1%, IT index snaps 2-day gaining streak amid weak market Several IT stocks declined on May 27, pushing the Nifty IT index down into the red to snap its two-day",2025-05-27,-3,False,,"share price, nifty, sensex",Low ESG relevance or finance-only context,2026-09-03
PERSISTENT,Persistent Systems,"Nifty IT index tops the chart after gaining Rs 1.16 lakh crore in value in nine sessions with eight up days The shares of TCS and Infosys were among the leading contributor on Sensex, as IT companies ",2025-06-16,-1,False,environment,"nifty, sensex",Low ESG relevance or finance-only context,2026-09-03
PERSISTENT,Persistent Systems,"Nifty IT sharply down on selloff after Fed's inflation, tariff view; Wipro sole gainer on upgrade Shares of IT companies were sharply lower on June 19, after the US Federal Reserve kept key interest r",2025-06-19,-2,False,,"target price, nifty",Low ESG relevance or finance-only context,2026-09-03
PERSISTENT,Persistent Systems,"Sensex slips 700 pts, Nifty below 22,800: Trump's reciprocal tariffs among key factors behind market decline Sensex and Nifty traded lower on Friday, shedding early gains, as concerns over US Presiden",2025-02-14,-3,False,,"resistance, nifty, sensex",Low ESG relevance or finance-only context,2026-09-03
PERSISTENT,Persistent Systems,"Small and midcap indices down for a second day over tariff threat and earnings Small and midcap shares were under selling pressure on August 6, weighing down the broader market indices for a second da",2025-08-06,0,False,sustainable,nifty,Low ESG relevance or finance-only context,2026-09-03
PERSISTENT,Persistent Systems,"Sensex declines 300 pts, Nifty below 24,650: Trump's renewed tariff threat among key factors behind market fall The benchmark equity indices Sensex and Nifty traded lower on Tuesday, dragged down by s",2025-08-05,-3,False,,"resistance, nifty, sensex",Low ESG relevance or finance-only context,2026-09-03
PERSISTENT,Persistent Systems,"Black Friday: Sensex crashes over 1,000 pts, Nifty sinks below 22,900; Trump tariffs among key factors to spook markets Equity markets witnessed a sharp sell-off on Friday, with benchmark indices fall",2025-04-04,-5,False,,"intraday, resistance, support level, nifty, sensex",Low ESG relevance or finance-only context,2026-09-03
PERSISTENT,Persistent Systems,"Sensex zooms 2,975 pts, Nifty above 24,900: India-Pak ceasefire among key factors behind massive market rally The domestic equity benchmarks rebounded sharply on Monday, with the Sensex rallying 2,975",2025-05-12,-3,False,,"intraday, nifty, sensex",Low ESG relevance or finance-only context,2026-09-03
PERSISTENT,Persistent Systems,"Sensex, Nifty close flat as tariff woes keep markets on edge; broader indices mixed The Sensex and Nifty closed flat on March 3, after falling over half a percent around noon. While oil &amp;amp; gas ",2025-03-03,-4,False,,"brokerage, resistance, nifty, sensex",Low ESG relevance or finance-only context,2026-09-03
PERSISTENT,Persistent Systems,"Sensex slips 400 pts from day's high, Nifty below 25,350: Trade deal jitters among key factors behind market decline The equity benchmarks Sensex and Nifty opened marginally higher on Friday, tracking",2025-07-04,-3,False,,"resistance, nifty, sensex",Low ESG relevance or finance-only context,2026-09-03
PERSISTENT,Persistent Systems,"IT, metal, realty stocks tumble up to 4% as Trump's tariffs, FOMC meet outcome weigh The shares of IT, metal and realty companies tumbled in morning trade on July 31 as Trump’s tariffs and penalty on ",2025-07-31,0,False,"environment, penalty","nifty, sensex",Low ESG relevance or finance-only context,2026-09-03
PERSISTENT,Persistent Systems,"Sensex, Nifty hit eight-month low on US growth concerns; banking, IT stocks take a hit India's benchmark indexes slumped to their lowest levels in eight months, down 0.9 percent by noon on February 24",2025-02-24,-3,False,green energy,"target price, intraday, nifty, sensex",Low ESG relevance or finance-only context,2026-09-03
PERSISTENT,Persistent Systems,"Trade Spotlight: How should you trade Persistent Systems, Glenmark Pharma, Eternal, Jindal Stainless, L&T Finance, United Spirits and others on June 9? The benchmark indices extended their northward j",2025-06-09,-1,False,sustainability,"resistance, support level",Low ESG relevance or finance-only context,2026-09-03
PERSISTENT,Persistent Systems,"Persistent, TechM, other IT stocks drop up to 4% amid escalating US-China trade tensions The shares of IT companies tumbled on June 2 amid escalating trade tensions between US and China. The sharp fal",2025-06-02,-2,False,,"share price, nifty",Low ESG relevance or finance-only context,2026-09-03
PERSISTENT,Persistent Systems,"Sensex jumps 500 pts, Nifty above 24,500: Sharp fall in crude, other key factors behind market rally The equity benchmark indices Sensex and Nifty surged in early trade on Monday amid sustained foreig",2025-05-05,-4,False,,"intraday, candlestick, nifty, sensex",Low ESG relevance or finance-only context,2026-09-03
PERSISTENT,Persistent Systems,"Auto, IT stocks in red amid tariff uncertainty; Maruti Suzuki, Tech Mahindra shares down up to 2% The shares of auto and IT companies dropped on July 7 as uncertainties around higher US tariffs and no",2025-07-07,-2,False,,"share price, nifty",Low ESG relevance or finance-only context,2026-09-03
PERSISTENT,Persistent Systems,"Black Friday: Sensex tumbles 600 pts, Nifty below 24,750; Middle East tensions among key factors behind market decline The benchmark equity indices fell sharply on Friday, with the Sensex and Nifty de",2025-06-13,-2,False,,"nifty, sensex",Low ESG relevance or finance-only context,2026-09-03
PERSISTENT,Persistent Systems,"Nifty Auto recovers 1% from day's low as concerns over Tesla's India entry ease The Nifty Auto index recovered nearly 1.1 percent (over 230 points) from its day's low to stand at 21,522 on February 24",2025-02-24,-4,False,,"share price, target price, brokerage, nifty",Low ESG relevance or finance-only context,2026-09-03
PERSISTENT,Persistent Systems,"Nifty IT rallies one percent, snapping a two-day fall on strong Nvidia Q1, ruling against Trump tariffs The shares of IT companies surged on May 29 after US chipmaker Nvidia posted strong Q1 results a",2025-05-29,-2,False,,"q1 results, nifty",Low ESG relevance or finance-only context,2026-09-03
PERSISTENT,Persistent Systems,"Sensex up 500 pts, Nifty above 24,400: Rupee rally, other key factors behind market rise The benchmark equity indices surged nearly 1 percent on Friday as a stronger rupee, sustained foreign inflows a",2025-05-02,-4,False,,"intraday, support level, nifty, sensex",Low ESG relevance or finance-only context,2026-09-03
PERSISTENT,Persistent Systems,"IT shares snap three-day gaining streak ahead of US Fed meet; Coforge, TCS, others fall up to 1.5% The shares of several IT companies dropped on June 18, pushing the Nifty IT index down over half a pe",2025-06-18,-2,False,,"nifty, sensex",Low ESG relevance or finance-only context,2026-09-03
PERSISTENT,Persistent Systems,"LTI Mindtree, TechM surge 2% as IT index rallies on a rangebound day: What's pushing IT higher Shares of IT companies sharply ended higher on April 29, sharply off lows on hopes of easing trade tensio",2025-04-29,-4,False,environment,"share price, stock price, brokerage, q4 results, nifty",Low ESG relevance or finance-only context,2026-09-03
PERSISTENT,Persistent Systems,"Persistent Systems, Infosys, other IT shares drop up to 2% as trade, geopolitical tensions weigh The shares of major IT players dropped on June 12 after uncertain US tariff rules and geopolitical tens",2025-06-12,0,False,labor,nifty,Low ESG relevance or finance-only context,2026-09-03
PERSISTENT,Persistent Systems,"Coforge, Mphasis, other IT shares rise up to 4% on optimism over US-China trade talks The shares of IT companies are higher on June 10, pushing the Nifty IT index up over 1.5 percent to emerge as the ",2025-06-10,-4,False,,"share price, target price, brokerage, nifty",Low ESG relevance or finance-only context,2026-09-03
PERSISTENT,Persistent Systems,"Sensex down 500 pts, Nifty below 25,100: Nestle Q1 results among key factors behind market decline The benchmark indices gave up early gains and traded lower at around noon on Thursday, dragged by sel",2025-07-24,-6,False,,"stock price, brokerage, resistance, q1 results, nifty, sensex",Low ESG relevance or finance-only context,2026-09-03
PERSISTENT,Persistent Systems,"Sensex down nearly 700 pts, Nifty below 22,650; bank, IT stocks drag; mid-, small-cap indices fall over 1% Indian benchmark indexes Sensex and Nifty opened lower on February 24, tracking a global mark",2025-02-24,-2,False,green energy,"resistance, nifty, sensex",Low ESG relevance or finance-only context,2026-09-03
PERSISTENT,Persistent Systems,"HPCL, BPCL, IOC slip as Brent inches towards $77 amid escalating Iran-Israel war, ONGC shares rise The Iran-Israel conflict continued to worsen on June 19, weighing of India's oil marketing companies ",2025-06-19,0,False,,,Low ESG relevance or finance-only context,2026-09-03
PERSISTENT,Persistent Systems,"Chartist talk: SBI Securities' Sudeep Shah sees rally continuing in these 5 stocks next week With no clear positive cues on the domestic or global front, the market appears vulnerable to further conso",2025-07-27,-3,False,sustainable,"intraday, candlestick, resistance, nifty",Low ESG relevance or finance-only context,2026-09-03
PERSISTENT,Persistent Systems,"Tech Mahindra, Infosys, other IT stocks tumble on concerns over US' fiscal deficit The shares of IT companies tumbled on May 22, tracking Wall Street peers over concerns of possible widening of US' fe",2025-05-22,-2,False,,"nifty, sensex",Low ESG relevance or finance-only context,2026-09-03
PERSISTENT,Persistent Systems,"Sensex drops 850 pts, Nifty below 22,600, hits 8-month low on US growth concerns; Nifty IT sinks nearly 3% Sensex and Nifty extended their losing streak to a fifth straight session, plunging to an eig",2025-02-24,-4,False,green energy,"target price, intraday, resistance, nifty, sensex",Low ESG relevance or finance-only context,2026-09-03
PERSISTENT,Persistent Systems,"Nifty gives up 23,000, Sensex crashes 700 points as Trump's tariff shock hits Dalal Street; broader markets bleed 3% Benchmark indices Nifty 50 and Sensex opened with losses during the morning deals o",2025-04-04,-3,False,,"brokerage, nifty, sensex",Low ESG relevance or finance-only context,2026-09-03
PERSISTENT,Persistent Systems,IT stocks drop up to 1.5% ahead of TCS Q1 results tomorrow The shares of IT companies declined in trade on July 9 as investors actively awaited the release of the first set to Q1 FY26 results from the,2025-07-09,-2,False,environment,"share price, q1 results, nifty",Low ESG relevance or finance-only context,2026-09-03
PERSISTENT,Persistent Systems,"Sensex declines 200 pts, Nifty below 24,600: RBI monetary policy among key factors behind market decline The benchmark indices Sensex and Nifty erased early gains to trade lower on Wednesday, dragged ",2025-08-06,-2,False,labor,"intraday, nifty, sensex",Low ESG relevance or finance-only context,2026-09-03
PERSISTENT,Persistent Systems,"Infosys, TechM, others up 2% as US Fed chief Powell's testimony spurs rate cut bets Shares of IT companies were higher on June 25 as market participants saw US Federal Reserve Chair Jerome Powell's te",2025-06-25,-1,False,labor,"share price, nifty",Low ESG relevance or finance-only context,2026-09-03
PERSISTENT,Persistent Systems,"Investors cheer Trump's tariff pause: These are the top gaining spaces Benchmark Indian indices surged on April 11, with Sensex rising over 1,300 points and Nifty 50 up nearly 2 percent following a re",2025-04-11,-1,False,labor,"nifty, sensex",Low ESG relevance or finance-only context,2026-09-03
PERSISTENT,Persistent Systems,"Sensex falls 500 pts, Nifty below 24,100: Escalating Indo-Pak tensions among key factors to spook markets Sensex and Nifty extended losses for second day on Friday to fall 0.8 percent, dragged down by",2025-04-25,-2,False,water,"intraday, nifty, sensex",Low ESG relevance or finance-only context,2026-09-03
PERSISTENT,Persistent Systems,"Coforge, HCL Tech, other IT names rise up to 3% on hopes of early Fed rate cut, Nasdaq rally The Nifty IT index is higher on June 27, tracking Wall Street peers on rising hopes of a US Fed rate cut so",2025-06-27,-1,False,,nifty,Low ESG relevance or finance-only context,2026-09-03
PERSISTENT,Persistent Systems,"Sensex falls over 600 pts, Nifty below 24,700: Trump's tariffs on India among key factors behind market decline The benchmark equity indices declined sharply on Thursday as investor sentiment weakened",2025-07-31,-1,False,penalty,"nifty, sensex",Low ESG relevance or finance-only context,2026-09-03
PERSISTENT,Persistent Systems,"Trade Spotlight: How should you trade PB Fintech, Persistent Systems, Zensar Technologies, SBI Life Insurance, Supreme Industries, and others on June 18? The benchmark indices closed lower after a day",2025-06-18,-2,False,sustainable,"candlestick, support level, nifty",Low ESG relevance or finance-only context,2026-09-03
PERSISTENT,Persistent Systems,"Sensex soars 1,000 pts, Nifty tops 25,500: Positive global cues among key factors behind market rally The benchmark equity indices extended their gains for the third consecutive session on Thursday, w",2025-06-26,-2,False,,"nifty, sensex",Low ESG relevance or finance-only context,2026-09-03
PERSISTENT,Persistent Systems,"Lifestyle diseases striking younger in India warns Apollo Hospitals new report India is grappling with a significant and worsening health crisis driven by non-communicable diseases (NCDs), with condit",2025-04-07,0,False,,,Low ESG relevance or finance-only context,2026-09-03
PERSISTENT,Persistent Systems,"Nifty IT crashes 2% as fall in Persistent Systems, Coforge, Infosys shares weighs The Nifty IT index tumbled almost two percent in trade, dragged by midcap IT services players Persistent Systems Ltd a",2025-07-24,-2,False,,"brokerage, nifty",Low ESG relevance or finance-only context,2026-09-03
PERSISTENT,Persistent Systems,"Coforge, HCL Tech, Wipro, other IT shares jump up to 7% amid hopes of easing trade tensions The shares of IT companies strongly surged on April 23 after US President Donald Trump hinted at slashing ta",2025-04-23,-3,False,,"share price, q4 results, nifty",Low ESG relevance or finance-only context,2026-09-03
PERSISTENT,Persistent Systems,"Sensex slips 300 pts, Nifty at 25,450: US trade deal jitters among key factors behind market decline The equity benchmarks Sensex and Nifty gave up early gains and settled lower on Wednesday after US ",2025-07-02,-2,False,,"nifty, sensex",Low ESG relevance or finance-only context,2026-09-03
PERSISTENT,Persistent Systems,"Pharma, IT stocks tumble up to 4% as Trump tariffs take effect The shares of pharma and IT companies tumbled on March 4 as US President Donald Trump's tariffs on Canada and Mexico came into effect, wh",2025-03-04,-1,False,labor,"share price, nifty",Low ESG relevance or finance-only context,2026-09-03
PERSISTENT,Persistent Systems,"Sensex slips over 1,000 pts, Nifty below 24,500: Rising US bond yields among key factors behind market sell-off The benchmark equity indices tumbled over 1 percent on Thursday, tracking a sharp sell-o",2025-05-22,0,False,"sustainability, sustainable","nifty, sensex",Low ESG relevance or finance-only context,2026-09-03
PERSISTENT,Persistent Systems,"Nifty Bank drops 1%, extends losses for 3rd day as IndusInd, HDFC Bank shares lead decline The Nifty Bank index dropped over 1 percent (nearly 530 points) to stand at 48,452 on February 24. This comes",2025-02-24,-2,False,,"target price, nifty",Low ESG relevance or finance-only context,2026-09-03
PERSISTENT,Persistent Systems,"Copper stocks rise amid Trump's tariff threat on copper imports US President Donald Trump suggested that the country would impose tariffs on copper imports within several weeks, earlier than the timel",2025-03-26,0,False,,,Low ESG relevance or finance-only context,2026-09-03
PERSISTENT,Persistent Systems,"Titan shares surge 2%, top Nifty gainer as brokerages remain bullish on strong Q1 results Titan shares climbed 2 percent to Rs 3,478 apiece on August 8 after the company delivered a strong set of Apri",2025-08-08,-4,False,,"target price, brokerage, q1 results, nifty",Low ESG relevance or finance-only context,2026-09-03
PERSISTENT,Persistent Systems,"Hindalco, Nalco, Vedanta other metal stocks fall for 2nd day after 5-session rise; what should investors do? Hindalco, Nalco, Vedanta were among other metal stocks that declined in trade for the secon",2025-02-25,-2,False,,"intraday, nifty",Low ESG relevance or finance-only context,2026-09-03
PERSISTENT,Persistent Systems,"ITC, HUL, other FMCG stocks rise as defensives gain traction; here's what brokerages say The Nifty FMCG index remained in the green for the second consecutive session on February 25. The index rose 0.",2025-02-25,-1,False,environment,"brokerage, nifty",Low ESG relevance or finance-only context,2026-09-03
PERSISTENT,Persistent Systems,"Sensex falls 600 pts, Nifty below 24,600: Tariff tensions, other key factors behind market decline The benchmark equity indices fell sharply on Monday, with the BSE Sensex tumbling nearly 600 points a",2025-06-02,-2,False,,"nifty, sensex",Low ESG relevance or finance-only context,2026-09-03
PERSISTENT,Persistent Systems,"Sensex crashes 600 pts from day's high, Nifty below 24,750: Fed minutes, other key factors behind market decline The benchmark equity indices erased early gains and slipped into the red by mid-session",2025-05-29,-2,False,,"nifty, sensex",Low ESG relevance or finance-only context,2026-09-03
PERSISTENT,Persistent Systems,"Buy Power Grid Corporation of India; target of Rs 345: Motilal Oswal Motilal Oswal's research report on Power Grid Corporation of India  In 1QFY26, Power Grid Corporation (PWGR) reported a standalone ",2025-08-05,0,False,,,Low ESG relevance or finance-only context,2026-09-03
PERSISTENT,Persistent Systems,"Sensex falls over 700 pts, Nifty slips below 24,350: Higher tariffs by Trump among key factors behind market fall The benchmark equity indices extended declined for third straight day on Thursday as i",2025-08-07,-2,False,,"nifty, sensex",Low ESG relevance or finance-only context,2026-09-03
PERSISTENT,Persistent Systems,"Mid, smallcap indices surge over 4% on India-Pak ceasefire, Sino-US deal on trade The shares of midcap and smallcap companies strongly surged on May 12, pushing the Nifty Midcap and Nifty Smallcap ind",2025-05-12,-1,False,renewable,"nifty, sensex",Low ESG relevance or finance-only context,2026-09-03
PERSISTENT,Persistent Systems,"Sensex falls 800 pts, goes below 80k, Nifty at 24,400: Tariff jitters among key factors behind market fall The equity benchmark indices Sensex and Nifty gave up previous session’s gains to settle 1 pe",2025-08-08,-4,False,,"intraday, resistance, nifty, sensex",Low ESG relevance or finance-only context,2026-09-03
PERSISTENT,Persistent Systems,"US reciprocal tariffs could weigh on Indian specialty chemical firms, warns Citi The Indian specialty chemicals sector could see an impact on profitability when U.S. President Donald Trump's reciproca",2025-02-19,0,False,environment,brokerage,Low ESG relevance or finance-only context,2026-09-03
PERSISTENT,Persistent Systems,Buy Marico; target of Rs 800: Motilal Oswal Motilal Oswal's research report on Marico  Marico (MRCO) reported consol. revenue growth of 20% YoY (in line) in 4QFY25. Domestic revenue growth was 23% YoY,2025-05-05,0,False,,,Low ESG relevance or finance-only context,2026-09-03
PERSISTENT,Persistent Systems,"Accumulate Laxmi Organic Industries; target of Rs 206: Deven Choksey Deven Choksey's research report on Laxmi Organic Industries  Laxmi Organic’s revenue came in at INR 7,097 Mn., down by 10.4% YoY (-",2025-05-28,-1,False,,target price,Low ESG relevance or finance-only context,2026-09-03
PERSISTENT,Persistent Systems,"Trade Spotlight: How should you trade SCI, Narayana Hrudayalaya, Manappuram Finance, Max Healthcare Institute, Sigachi Industries and others on June 16? The benchmark indices fell seven-tenths of a pe",2025-06-16,-2,False,,"candlestick, trading volume",Low ESG relevance or finance-only context,2026-09-03
PERSISTENT,Persistent Systems,"Chartist Talks: FII long-short ratio signals limited Nifty downside, these 3 stocks likely to continue northward journey, says Sudeep Shah of SBI Securities The FII long-short ratio has slipped to jus",2025-07-19,-2,False,,"q1 results, nifty",Low ESG relevance or finance-only context,2026-09-03
PERSISTENT,Persistent Systems,"Select small and midcaps jump up to 15% as broader markets extend recovery: Here are the movers The shares of small and midcap companies extended gains on March 6, with the broader market indices outp",2025-03-06,-3,False,,"share price, nifty, sensex",Low ESG relevance or finance-only context,2026-09-03
PERSISTENT,Persistent Systems,"Vedanta, Hind Zinc shares down 3 percent to lead selloff on metal index a day after major corporate action Shares of Vedanta and Hindustan Zinc are sharply lower by close to 3 percent in trade on June",2025-06-19,-1,False,,nifty,Low ESG relevance or finance-only context,2026-09-03
PERSISTENT,Persistent Systems,"Trade Spotlight: How should you trade Deepak Fertilisers, Hindustan Copper, NBCC, Jindal Steel, IRCON International, and others on May 15? The market rebounded after a day of sharp correction, with th",2025-05-14,-7,False,,"stock price, buy call, candlestick, resistance, support level, trading volume, nifty",Low ESG relevance or finance-only context,2026-09-03
PERSISTENT,Persistent Systems,Accumulate Balaji Amines; target of Rs 1640: KR Choksey KR Choksey's research report on Balaji Amines  Balaji Amines’ revenue missed our estimates due to weak demand. EBITDA missed our estimates due t,2025-02-17,-1,False,,target price,Low ESG relevance or finance-only context,2026-09-03
PERSISTENT,Persistent Systems,"Sensex, Nifty steady after Modi-Trump plan talks on tariff; small-, mid-caps drop over 1% Sensex and Nifty opened higher on February 14, buoyed by easing Russia-Ukraine war tensions, a delay in U.S. t",2025-02-14,-3,False,,"resistance, nifty, sensex",Low ESG relevance or finance-only context,2026-09-03
PERSISTENT,Persistent Systems,"Small, midcap indices extend gaining streak to 7 days; here are the top gainers The shares of smallcap and midcap companies continued to gain sharply on April 23, pushing the smallcap and midcap indic",2025-04-23,-1,False,labor,"share price, nifty",Low ESG relevance or finance-only context,2026-09-03
PERSISTENT,Persistent Systems,"Sensex sinks 400 pts, Nifty slips below 22,900; small-, mid-cap indices tumble up to 3% Sensex and Nifty lost steam around noon on February 14, slipping half a percent as financials, oil &amp;amp; gas",2025-02-14,-3,False,,"resistance, nifty, sensex",Low ESG relevance or finance-only context,2026-09-03
PERSISTENT,Persistent Systems,"Chartist Talks: SBI Securities' Sudeep Shah expects pullback rally to continue in Nifty, picks 2 stock ideas for next week Technically, Sudeep Shah of SBI Securities believes the Nifty 50 is likely to",2025-03-09,-3,False,,"candlestick, resistance, nifty",Low ESG relevance or finance-only context,2026-09-03
PERSISTENT,Persistent Systems,Motilal Oswal expects recovery for capital market stocks led by retail participation in F&O The Futures &amp;amp; Options (F&amp;amp;O) segment has seen a sharp contraction in active client numbers—fr,2025-05-21,-4,False,,"brokerage, trading volume, nifty, sensex",Low ESG relevance or finance-only context,2026-09-03
PERSISTENT,Persistent Systems,"Reduce AU Small Finance Bank: target of Rs 725: Emkay Emkay's research report on AU Small Finance Bank  AU SFB reported weak core performance, with margins declining sharply by 40bps QoQ to 5.4%, alth",2025-07-22,0,False,,,Low ESG relevance or finance-only context,2026-09-03
PERSISTENT,Persistent Systems,"Jewellery shares extend gains for a fifth session on value buying: Up to 5% surge in Senco, Titan, Kalyan Shares of jewellery companies extended gains on July 17, supported by value buying and firm go",2025-07-17,-1,False,,intraday,Low ESG relevance or finance-only context,2026-09-03
PERSISTENT,Persistent Systems,"BSE, Angel One, other capital market stocks tumble up to 3% as bears reign over benchmarks Capital market stocks saw a sharp decline on February 24 amid a significant downturn in the stock market. The",2025-02-24,-3,False,,"share price, stock price, nifty",Low ESG relevance or finance-only context,2026-09-03
COFORGE,Coforge,"Trade Spotlight: How should you trade Mazagon Dock, Coforge, Hindustan Aeronautics, Bajaj Finserv, Lupin, and others on March 27? The market saw profit booking on March 26, with the benchmark indices ",2025-03-27,0,False,,,Low ESG relevance or finance-only context,2026-09-03
COFORGE,Coforge,"Nifty IT index tops the chart after gaining Rs 1.16 lakh crore in value in nine sessions with eight up days The shares of TCS and Infosys were among the leading contributor on Sensex, as IT companies ",2025-06-16,-1,False,environment,"nifty, sensex",Low ESG relevance or finance-only context,2026-09-03
COFORGE,Coforge,"Nifty IT sharply down on selloff after Fed's inflation, tariff view; Wipro sole gainer on upgrade Shares of IT companies were sharply lower on June 19, after the US Federal Reserve kept key interest r",2025-06-19,-2,False,,"target price, nifty",Low ESG relevance or finance-only context,2026-09-03
COFORGE,Coforge,"Small and midcap indices down for a second day over tariff threat and earnings Small and midcap shares were under selling pressure on August 6, weighing down the broader market indices for a second da",2025-08-06,0,False,sustainable,nifty,Low ESG relevance or finance-only context,2026-09-03
COFORGE,Coforge,"Black Friday: Sensex crashes over 1,000 pts, Nifty sinks below 22,900; Trump tariffs among key factors to spook markets Equity markets witnessed a sharp sell-off on Friday, with benchmark indices fall",2025-04-04,-5,False,,"intraday, resistance, support level, nifty, sensex",Low ESG relevance or finance-only context,2026-09-03
COFORGE,Coforge,"Sensex zooms 2,975 pts, Nifty above 24,900: India-Pak ceasefire among key factors behind massive market rally The domestic equity benchmarks rebounded sharply on Monday, with the Sensex rallying 2,975",2025-05-12,-3,False,,"intraday, nifty, sensex",Low ESG relevance or finance-only context,2026-09-03
COFORGE,Coforge,"IT, metal, realty stocks tumble up to 4% as Trump's tariffs, FOMC meet outcome weigh The shares of IT, metal and realty companies tumbled in morning trade on July 31 as Trump’s tariffs and penalty on ",2025-07-31,0,False,"environment, penalty","nifty, sensex",Low ESG relevance or finance-only context,2026-09-03
COFORGE,Coforge,"Persistent, TechM, other IT stocks drop up to 4% amid escalating US-China trade tensions The shares of IT companies tumbled on June 2 amid escalating trade tensions between US and China. The sharp fal",2025-06-02,-2,False,,"share price, nifty",Low ESG relevance or finance-only context,2026-09-03
COFORGE,Coforge,"Sensex jumps 500 pts, Nifty above 24,500: Sharp fall in crude, other key factors behind market rally The equity benchmark indices Sensex and Nifty surged in early trade on Monday amid sustained foreig",2025-05-05,-4,False,,"intraday, candlestick, nifty, sensex",Low ESG relevance or finance-only context,2026-09-03
COFORGE,Coforge,"Nifty IT rallies one percent, snapping a two-day fall on strong Nvidia Q1, ruling against Trump tariffs The shares of IT companies surged on May 29 after US chipmaker Nvidia posted strong Q1 results a",2025-05-29,-2,False,,"q1 results, nifty",Low ESG relevance or finance-only context,2026-09-03
COFORGE,Coforge,"IT shares snap three-day gaining streak ahead of US Fed meet; Coforge, TCS, others fall up to 1.5% The shares of several IT companies dropped on June 18, pushing the Nifty IT index down over half a pe",2025-06-18,-2,False,,"nifty, sensex",Low ESG relevance or finance-only context,2026-09-03
COFORGE,Coforge,"TCS job cuts worry brokerages as execution, attrition concerns emerge, stock slips Information technology giant Tata Consultancy Services Ltd (TCS) shares slipped in trade on Monday, July 28, after Mo",2025-07-28,-2,False,,"target price, brokerage",Low ESG relevance or finance-only context,2026-09-03
COFORGE,Coforge,"LTI Mindtree, TechM surge 2% as IT index rallies on a rangebound day: What's pushing IT higher Shares of IT companies sharply ended higher on April 29, sharply off lows on hopes of easing trade tensio",2025-04-29,-4,False,environment,"share price, stock price, brokerage, q4 results, nifty",Low ESG relevance or finance-only context,2026-09-03
COFORGE,Coforge,"Persistent Systems, Infosys, other IT shares drop up to 2% as trade, geopolitical tensions weigh The shares of major IT players dropped on June 12 after uncertain US tariff rules and geopolitical tens",2025-06-12,0,False,labor,nifty,Low ESG relevance or finance-only context,2026-09-03
COFORGE,Coforge,"Coforge, Mphasis, other IT shares rise up to 4% on optimism over US-China trade talks The shares of IT companies are higher on June 10, pushing the Nifty IT index up over 1.5 percent to emerge as the ",2025-06-10,-4,False,,"share price, target price, brokerage, nifty",Low ESG relevance or finance-only context,2026-09-03
COFORGE,Coforge,"Sensex down 500 pts, Nifty below 25,100: Nestle Q1 results among key factors behind market decline The benchmark indices gave up early gains and traded lower at around noon on Thursday, dragged by sel",2025-07-24,-6,False,,"stock price, brokerage, resistance, q1 results, nifty, sensex",Low ESG relevance or finance-only context,2026-09-03
COFORGE,Coforge,"Trent, BEL to join 30-share Sensex today, Nestle India, IndusInd Bank excluded Shares of retail giant Trent Ltd. and PSU firm Bharat Electronics Ltd. (BEL) will  added to the 30-pack benchmark index S",2025-06-20,-1,False,inclusion,"intraday, sensex",Low ESG relevance or finance-only context,2026-09-03
COFORGE,Coforge,"Nifty gives up 23,000, Sensex crashes 700 points as Trump's tariff shock hits Dalal Street; broader markets bleed 3% Benchmark indices Nifty 50 and Sensex opened with losses during the morning deals o",2025-04-04,-3,False,,"brokerage, nifty, sensex",Low ESG relevance or finance-only context,2026-09-03
COFORGE,Coforge,"Infosys, TechM, others up 2% as US Fed chief Powell's testimony spurs rate cut bets Shares of IT companies were higher on June 25 as market participants saw US Federal Reserve Chair Jerome Powell's te",2025-06-25,-1,False,labor,"share price, nifty",Low ESG relevance or finance-only context,2026-09-03
COFORGE,Coforge,"Coforge, HCL Tech, other IT names rise up to 3% on hopes of early Fed rate cut, Nasdaq rally The Nifty IT index is higher on June 27, tracking Wall Street peers on rising hopes of a US Fed rate cut so",2025-06-27,-1,False,,nifty,Low ESG relevance or finance-only context,2026-09-03
COFORGE,Coforge,"Mid, smallcap indices plunge 2%, extend losses for 3rd day amid broad-based selling: IREDA, RVNL, FirstCry among top losers The shares of several smallcap and midcap companies strongly tumbled on June",2025-06-19,-1,False,renewable,"nifty, sensex",Low ESG relevance or finance-only context,2026-09-03
COFORGE,Coforge,"Trent, BEL shares rally on inclusion in 30-pack Sensex; Nestle, IndusInd Bank deleted Shares of retail giant Trent Ltd. and PSU firm Bharat Electronics Ltd. (BEL) surged in trade on Friday, May 23, af",2025-05-23,-1,False,inclusion,"stock price, sensex",Low ESG relevance or finance-only context,2026-09-03
COFORGE,Coforge,"Nifty IT crashes 2% as fall in Persistent Systems, Coforge, Infosys shares weighs The Nifty IT index tumbled almost two percent in trade, dragged by midcap IT services players Persistent Systems Ltd a",2025-07-24,-2,False,,"brokerage, nifty",Low ESG relevance or finance-only context,2026-09-03
COFORGE,Coforge,"Coforge, HCL Tech, Wipro, other IT shares jump up to 7% amid hopes of easing trade tensions The shares of IT companies strongly surged on April 23 after US President Donald Trump hinted at slashing ta",2025-04-23,-3,False,,"share price, q4 results, nifty",Low ESG relevance or finance-only context,2026-09-03
COFORGE,Coforge,"Pharma, IT stocks tumble up to 4% as Trump tariffs take effect The shares of pharma and IT companies tumbled on March 4 as US President Donald Trump's tariffs on Canada and Mexico came into effect, wh",2025-03-04,-1,False,labor,"share price, nifty",Low ESG relevance or finance-only context,2026-09-03
COFORGE,Coforge,"Mid, smallcap indices surge over 4% on India-Pak ceasefire, Sino-US deal on trade The shares of midcap and smallcap companies strongly surged on May 12, pushing the Nifty Midcap and Nifty Smallcap ind",2025-05-12,-1,False,renewable,"nifty, sensex",Low ESG relevance or finance-only context,2026-09-03
COFORGE,Coforge,"Select small and midcaps jump up to 15% as broader markets extend recovery: Here are the movers The shares of small and midcap companies extended gains on March 6, with the broader market indices outp",2025-03-06,-3,False,,"share price, nifty, sensex",Low ESG relevance or finance-only context,2026-09-03
COFORGE,Coforge,"TCS, Wipro shares fall up to 4% after Jefferies' IT downgrade citing tariff hit on US growth Top IT shares were among the leading laggards on the benchmark Sensex, with Trump's reciprocal tariffs kick",2025-04-09,-4,False,,"target price, buy call, brokerage, sensex",Low ESG relevance or finance-only context,2026-09-03
COFORGE,Coforge,"Top gainers and losers today: Stocks that moved the most on May 19 Benchmark indinces tumbled on May 19 tracking weak global cues, a selloff in IT shares and rising market volatility following Moody's",2025-05-19,-2,False,labor,"share price, nifty, sensex",Low ESG relevance or finance-only context,2026-09-03
COFORGE,Coforge,"Smallcap, midcap stocks rise up to 15%, broader market indices extend gains for second day; check top gainers The shares of several smallcap and midcap companies strongly surged on May 26, pushing the",2025-05-26,-3,False,,"share price, nifty, sensex",Low ESG relevance or finance-only context,2026-09-03
COFORGE,Coforge,"Small, midcap indices extend gaining streak to 7 days; here are the top gainers The shares of smallcap and midcap companies continued to gain sharply on April 23, pushing the smallcap and midcap indic",2025-04-23,-1,False,labor,"share price, nifty",Low ESG relevance or finance-only context,2026-09-03
COFORGE,Coforge,"Nifty Midcap extends rally for a fifth session to gain 8% this week, strength likely to continue Shares of midcap companies extended their rally on March 21 to push the Nifty Midcap index up by over a",2025-03-21,-3,False,,"stock price, trading volume, nifty",Low ESG relevance or finance-only context,2026-09-03
COFORGE,Coforge,"Small, midcap indices outperform benchmarks to extend gains for a third session: These are the top gainers Rally in select small and midcap shares on May 14 pushed the broader market indices into the ",2025-05-14,-4,False,,"share price, q4 results, nifty, sensex",Low ESG relevance or finance-only context,2026-09-03
COFORGE,Coforge,"Block deal mania on Dalal Street, shares worth Rs 1,700 crore exchange hands in trade Promoters and early investors took to Dalal Street in a big way on Thursday, June 26, looking to offload holdings ",2025-06-26,-1,False,,brokerage,Low ESG relevance or finance-only context,2026-09-03
TATAELXSI,Tata Elxsi,"Tata Elxsi share price falls 2% in Wednesday's trading session Shares of Tata Elxsi declined by 2% to Rs 5,842 in Wednesday's trading session. The decline reflects bearish investor sentiment, accordin",2025-08-06,-2,False,,"share price, nifty",Low ESG relevance or finance-only context,2026-09-03
TATAELXSI,Tata Elxsi,"Tata Elxsi Standalone June 2025 Net Sales at Rs 892.10 crore, down 3.71% Y-o-Y Reported Standalone quarterly numbers for Tata Elxsi are:    Net Sales at Rs 892.10 crore in June 2025 down 3.71% from Rs",2025-07-11,0,False,,,Low ESG relevance or finance-only context,2026-09-03
TATAELXSI,Tata Elxsi,Hold TATA Elxsi; target of Rs 4900: Choice Equity Broking Choice Equity Broking's report on TATA Elxsi  Revenue for Q3FY25 came at INR 9.3Bn up 2.7% YoY but down 1.7% QoQ (vs CEBPL est. at INR 9.9Bn).,2025-04-01,-1,False,,target price,Low ESG relevance or finance-only context,2026-09-03
TATAELXSI,Tata Elxsi,"Tata Elxsi Standalone March 2025 Net Sales at Rs 908.34 crore, up 0.26% Y-o-Y Reported Standalone quarterly numbers for Tata Elxsi are:    Net Sales at Rs 908.34 crore in March 2025 up 0.26% from Rs. ",2025-04-21,0,False,,,Low ESG relevance or finance-only context,2026-09-03
TATAELXSI,Tata Elxsi,"Sell Tata Elxsi ; target of Rs 4750: Prabhudas Lilladher Prabhudas Lilladher's research report on Tata Elxsi   The revenue de-growth was in line with our estimates, largely attributed to M&amp;amp;C a",2025-07-11,0,False,,,Low ESG relevance or finance-only context,2026-09-03
TATAELXSI,Tata Elxsi,"Tata Elxsi shares fall 4.03% in early trade; stock among top losers on Nifty Midcap 150 Shares of Tata Elxsi declined 4.03% to Rs 5,890 in Friday's early trading session. The stock is among the top lo",2025-07-11,-1,False,,nifty,Low ESG relevance or finance-only context,2026-09-03
TATAELXSI,Tata Elxsi,"Tata Elxsi shares rise 2.10% in early trade Tata Elxsi shares experienced a notable increase of 2.10% in the early trading session, with the stock price reaching Rs 6,308.50. This movement reflects a ",2025-07-15,-2,False,,"stock price, nifty",Low ESG relevance or finance-only context,2026-09-03
TATAELXSI,Tata Elxsi,"Reduce Tata Elxsi; target of Rs 4250: ICICI Securities ICICI Securities research report on Tata Elxsi  Tata Elxsi (TELX) has reported a muted Q4FY25 print with revenue contraction of 5.3% QoQ CC, roug",2025-04-21,0,False,,,Low ESG relevance or finance-only context,2026-09-03
TATAELXSI,Tata Elxsi,"Sell Tata Elxsi; target of Rs 4965: Deven Choksey Deven Choksey's research report on Tata Elxsi  Tata Elxsi’s Q1FY26 revenue stood at INR 8,921 Mn. (-1.8% QoQ/ -3.7% YoY), below our estimates by 5.5%,",2025-07-14,0,False,sustainable,target price,Low ESG relevance or finance-only context,2026-09-03
TATAELXSI,Tata Elxsi,"Stocks to Watch Today: HUL, Coal India, Gandhar Oil Refinery, Nureca, Paytm, HG Infra, Tata Power, Anant Raj in focus on 22 April Let's catch up on the latest news from the stock market. From signific",2025-04-22,0,False,renewable,brokerage,Low ESG relevance or finance-only context,2026-09-03
TATAELXSI,Tata Elxsi,"Tata Elxsi Q4 net profit falls 13% to Rs 172 crore as auto business faces tariff woes Engineering and technology services firm Tata Elxsi reported fourth-quarter profit below estimates on April 17, as",2025-04-18,0,False,,,Low ESG relevance or finance-only context,2026-09-03
TATAELXSI,Tata Elxsi,"Tata Elxsi shares rise 2.06% in morning trade, among top gainers on Nifty Midcap 150 Tata Elxsi shares gained 2.06% to trade at Rs 6,191 at 10:28 am. The stock's performance places it among the top ga",2025-07-14,0,False,labor,nifty,Low ESG relevance or finance-only context,2026-09-03
TATAELXSI,Tata Elxsi,"Small, midcap indices extend gaining streak to 7 days; here are the top gainers The shares of smallcap and midcap companies continued to gain sharply on April 23, pushing the smallcap and midcap indic",2025-04-23,-1,False,labor,"share price, nifty",Low ESG relevance or finance-only context,2026-09-03
OFSS,Oracle Financial Services Software,"Nifty IT sharply down on selloff after Fed's inflation, tariff view; Wipro sole gainer on upgrade Shares of IT companies were sharply lower on June 19, after the US Federal Reserve kept key interest r",2025-06-19,-2,False,,"target price, nifty",Low ESG relevance or finance-only context,2026-09-03
OFSS,Oracle Financial Services Software,"Sensex zooms 2,975 pts, Nifty above 24,900: India-Pak ceasefire among key factors behind massive market rally The domestic equity benchmarks rebounded sharply on Monday, with the Sensex rallying 2,975",2025-05-12,-3,False,,"intraday, nifty, sensex",Low ESG relevance or finance-only context,2026-09-03
OFSS,Oracle Financial Services Software,"Trade Spotlight: How should you trade Oracle Financial, Praj Industries, Bank of India, Trent, NMDC, Zensar Technologies and others on June 10? Bulls maintained their control over Dalal Street, drivin",2025-06-10,-3,False,,"candlestick, resistance, nifty",Low ESG relevance or finance-only context,2026-09-03
OFSS,Oracle Financial Services Software,"Nifty IT crashes 2% as fall in Persistent Systems, Coforge, Infosys shares weighs The Nifty IT index tumbled almost two percent in trade, dragged by midcap IT services players Persistent Systems Ltd a",2025-07-24,-2,False,,"brokerage, nifty",Low ESG relevance or finance-only context,2026-09-03
KPITTECH,KPIT Technologies,"Tata Elxsi Q4 net profit falls 13% to Rs 172 crore as auto business faces tariff woes Engineering and technology services firm Tata Elxsi reported fourth-quarter profit below estimates on April 17, as",2025-04-18,0,False,,,Low ESG relevance or finance-only context,2026-09-03
KPITTECH,KPIT Technologies,"Select small and midcaps jump up to 15% as broader markets extend recovery: Here are the movers The shares of small and midcap companies extended gains on March 6, with the broader market indices outp",2025-03-06,-3,False,,"share price, nifty, sensex",Low ESG relevance or finance-only context,2026-09-03
CYIENT,Cyient,"Defence rally riding on structural tailwinds, not just conflict sentiment, say analysts India’s defence sector rally is being driven more by long-term structural tailwinds than short-term war sentimen",2025-06-18,-1,False,,nifty,Low ESG relevance or finance-only context,2026-09-03
CYIENT,Cyient,"Richly-valued defence stocks extend selloff led by shipyard firms, Paras Defence promoters trim stake Defence-related stocks saw a significant fall on May 20, extending losses for a second consecutive",2025-05-20,-2,False,,"share price, nifty",Low ESG relevance or finance-only context,2026-09-03
CYIENT,Cyient,"Stocks to Watch Today: Titan, Bajaj Finance, PNB Housing, Oberoi Realty, Havells, 360 One WAM, Arisinfra, BL Kashyap, Afcons Infra in focus on 22 July Let's catch up on the latest news from the stock ",2025-07-22,0,False,,,Low ESG relevance or finance-only context,2026-09-03
CYIENT,Cyient,"Defence stocks extend losses to 2nd day as Israel-Iran ceasefire weighs; Paras Defence, GRSE, BEL down up to 4% Defence stocks recorded strong losses on June 25, as the possible ceasefire between Iran",2025-06-25,-2,False,,"share price, nifty",Low ESG relevance or finance-only context,2026-09-03
CYIENT,Cyient,"Trade Spotlight: How should you trade IndoStar Capital, Cyient, Som Distilleries, HDFC Life Insurance, Lodha, Dhanuka Agritech and others on May 26? The benchmark indices bounced back after a day of c",2025-05-25,-1,False,,resistance,Low ESG relevance or finance-only context,2026-09-03
CYIENT,Cyient,"Nifty Smallcap 100 rises for a third day to add Rs 17,000 crore to market value this week The Nifty Smallcap 100 index has extended gains for the third consecutive session, rising by two-third of a pe",2025-06-04,-1,False,"sustainable, environment","brokerage, nifty, sensex",Low ESG relevance or finance-only context,2026-09-03
CYIENT,Cyient,"Defence shares surge on India's resolute response to border escalation, DMGO's assurance of preparedness A wide range of defence-related shares posted strong gains on May 12, racing ahead of the bench",2025-05-12,-1,False,environment,"nifty, sensex",Low ESG relevance or finance-only context,2026-09-03
CYIENT,Cyient,"Stocks to Watch Today: HUL, Coal India, Gandhar Oil Refinery, Nureca, Paytm, HG Infra, Tata Power, Anant Raj in focus on 22 April Let's catch up on the latest news from the stock market. From signific",2025-04-22,0,False,renewable,brokerage,Low ESG relevance or finance-only context,2026-09-03
CYIENT,Cyient,"Defence shares fall up to 6% on muted Mazagon Dock, Paras Defence Q1 results, extend decline to 5th day The shares of defence companies recorded significant decline on July 29, as muted quarterly earn",2025-07-29,-3,False,,"share price, q1 results, nifty",Low ESG relevance or finance-only context,2026-09-03
CYIENT,Cyient,"Trade Spotlight: How should you trade Infosys, BHEL, Info Edge, Birlasoft, Cyient, APL Apollo Tubes, Tata Technologies, and others on May 13? The benchmark indices made a strong start to the week, wit",2025-05-12,-4,False,,"candlestick, resistance, support level, nifty",Low ESG relevance or finance-only context,2026-09-03
CYIENT,Cyient,"Paras Defence, BEML, BDL, other defence stocks rally up to 9% after DAC clears Rs 1.05-lakh crore defence purchases Defence stocks saw a significant surge on July 4 after the Defence Acquisition Counc",2025-07-04,-2,False,,"share price, nifty",Low ESG relevance or finance-only context,2026-09-03
CYIENT,Cyient,"Mid, smallcap indices plunge 2%, extend losses for 3rd day amid broad-based selling: IREDA, RVNL, FirstCry among top losers The shares of several smallcap and midcap companies strongly tumbled on June",2025-06-19,-1,False,renewable,"nifty, sensex",Low ESG relevance or finance-only context,2026-09-03
CYIENT,Cyient,"Trade Spotlight: How should you trade Asahi India Glass, Avenue Supermarts, AU Small Finance Bank, Cyient, Vedant Fashions, and others on June 19? The benchmark indices remained in negative terrain fo",2025-06-19,-2,False,,"trading volume, nifty",Low ESG relevance or finance-only context,2026-09-03
CYIENT,Cyient,"GRSE, BDL, Mazagon Dock fall up to 5% amid profit-booking; Nifty defence among top sectoral losers Shares of defence companies including Garden Reach Shipbuilders &amp;amp; Engineers (GRSE), Bharat Dy",2025-06-11,-1,False,,nifty,Low ESG relevance or finance-only context,2026-09-03
CYIENT,Cyient,"Midcap, smallcap indices drop up to 3% on broad-based selling: Here are the top losers The shares of midcap and smallcap companies strongly tumbled on May 6, pushing the broader market indices sharply",2025-05-06,-2,False,,"nifty, sensex",Low ESG relevance or finance-only context,2026-09-03
CYIENT,Cyient,"Small, midcap indices extend gaining streak to 7 days; here are the top gainers The shares of smallcap and midcap companies continued to gain sharply on April 23, pushing the smallcap and midcap indic",2025-04-23,-1,False,labor,"share price, nifty",Low ESG relevance or finance-only context,2026-09-03
CYIENT,Cyient,"Small, midcap indices outperform benchmarks to extend gains for a third session: These are the top gainers Rally in select small and midcap shares on May 14 pushed the broader market indices into the ",2025-05-14,-4,False,,"share price, q4 results, nifty, sensex",Low ESG relevance or finance-only context,2026-09-03
CYIENT,Cyient,"Defence stocks snap 2-day rally to fall more than 2% on Israel-Iran ceasefire; BEML, GRSE decline up to 7% Shares of defence companies fell sharply on June 24, snapping a two-day rally, as easing geop",2025-06-24,-2,False,sustainable,"intraday, nifty, sensex",Low ESG relevance or finance-only context,2026-09-03
CYIENT,Cyient,"Mazagon Dock, BDL, other defence stocks rally up to 5% as Israel-Iran war enters 5th day: What lies ahead? Defence stocks gained traction on June 17 as the war between Israel and Iran entered its fift",2025-06-17,-1,False,waste,"share price, nifty",Low ESG relevance or finance-only context,2026-09-03
BSOFT,Birlasoft,"Trade Spotlight: How should you trade Titan, Crompton Greaves Consumer, EID Parry, TVS Motor, Birlasoft, Newgen Software, and others on June 26? The benchmark indices extended their northward journey ",2025-06-26,-1,False,,nifty,Low ESG relevance or finance-only context,2026-09-03
BSOFT,Birlasoft,"Trade Spotlight: How should you trade Ultratech Cement, Birlasoft, Sonata Software, Hindustan Unilever, Bharat Electronics, and others on April 29? Bulls staged a strong comeback on April 28, driving ",2025-04-29,-2,False,,"resistance, nifty",Low ESG relevance or finance-only context,2026-09-03
BSOFT,Birlasoft,"Trade Spotlight: How should you trade Infosys, BHEL, Info Edge, Birlasoft, Cyient, APL Apollo Tubes, Tata Technologies, and others on May 13? The benchmark indices made a strong start to the week, wit",2025-05-12,-4,False,,"candlestick, resistance, support level, nifty",Low ESG relevance or finance-only context,2026-09-03
BSOFT,Birlasoft,"Stocks to Watch Today: IndiGo, IndusInd Bank, Colgate, NALCO, Hindustan Zinc, NBCC, Aarti Industries, Birlasoft, MGL, Oil India in focus on 22 May Let's catch up on the latest news from the stock mark",2025-05-22,0,False,,,Low ESG relevance or finance-only context,2026-09-03
BSOFT,Birlasoft,"Adani Total Gas, Granules, IRB Infra among 8 stocks to be deleted from NSE's F&O segment from Aug series The National Stock Exchange has excluded eight stocks from the derivatives segment, and no cont",2025-06-24,0,False,inclusion,trading volume,Low ESG relevance or finance-only context,2026-09-03
BSOFT,Birlasoft,"Stocks to Watch Today: Sai Life Sciences, Kaynes Tech, GMM Pfaudler, Axiscades Tech, Natco Pharma, ITD Cementation, Oswal Pumps in focus on 20 June Let's catch up on the latest news from the stock mar",2025-06-20,0,False,,,Low ESG relevance or finance-only context,2026-09-03
BSOFT,Birlasoft,"Stocks to Watch Today: Eternal, Hero MotoCorp, Trent, Bharat Forge, BHEL, Lumax Ind, Fortis Healthcare, Datamatics Global, Bajaj Holdings in focus on 7 August Let's catch up on the latest news from th",2025-08-07,0,False,,,Low ESG relevance or finance-only context,2026-09-03
BSOFT,Birlasoft,"Smallcap index falls nearly 2%, snaps 4-day gaining streak; midcap index declines 2% from day's high The shares of small-cap companies recorded strong losses on March 10, pushing the Nifty Smallcap in",2025-03-10,-1,False,renewable,"stock price, nifty",Low ESG relevance or finance-only context,2026-09-03
ZENSARTECH,Zensar Technologies,"Trade Spotlight: How should you trade Zensar Technologies, APL Apollo Tubes, ITC, CRISIL, BSE, Aurobindo Pharma, and others on May 9? The benchmark indices turned lower after a day of recovery and a p",2025-05-08,-3,False,,"resistance, trading volume, nifty",Low ESG relevance or finance-only context,2026-09-03
ZENSARTECH,Zensar Technologies,"Trade Spotlight: How should you trade Oracle Financial, Praj Industries, Bank of India, Trent, NMDC, Zensar Technologies and others on June 10? Bulls maintained their control over Dalal Street, drivin",2025-06-10,-3,False,,"candlestick, resistance, nifty",Low ESG relevance or finance-only context,2026-09-03
ZENSARTECH,Zensar Technologies,"Trade Spotlight: How should you trade PB Fintech, Persistent Systems, Zensar Technologies, SBI Life Insurance, Supreme Industries, and others on June 18? The benchmark indices closed lower after a day",2025-06-18,-2,False,sustainable,"candlestick, support level, nifty",Low ESG relevance or finance-only context,2026-09-03
TATATECH,Tata Technologies,"Trade Spotlight: How should you trade Infosys, BHEL, Info Edge, Birlasoft, Cyient, APL Apollo Tubes, Tata Technologies, and others on May 13? The benchmark indices made a strong start to the week, wit",2025-05-12,-4,False,,"candlestick, resistance, support level, nifty",Low ESG relevance or finance-only context,2026-09-03
TATATECH,Tata Technologies,"Stocks to Watch Today: HCLTech, Tata Tech, Rallis India, Power Mech Projects, RailTel, Sun Pharma, Deepak Fertilisers, Oberoi Realty in focus on 15 July Let's catch up on the latest news from the stoc",2025-07-15,0,False,,,Low ESG relevance or finance-only context,2026-09-03
TATATECH,Tata Technologies,"HDB Financial delivers biggest listing gains among over Rs 10,000-crore IPOs post-Covid The 12,500-crore IPO of HDB Financial Services has delivered the biggest returns among all public issues worth o",2025-07-02,0,False,,,Low ESG relevance or finance-only context,2026-09-03
TATATECH,Tata Technologies,"Markets turn to US-India trade deal for next set of cues as India-Pakistan tensions cool Over the past week, the Nifty 50 and Sensex have largely been range-bound, with the benchmarks slipping in the ",2025-05-12,-2,False,,"nifty, sensex",Low ESG relevance or finance-only context,2026-09-03
TATATECH,Tata Technologies,"Tata Tech, IREDA stocks to enter F&O segment from February 28 on NSE; shares trade in green The National Stock Exchange (NSE) on February 19 announced the addition of the futures and options (F&amp;am",2025-02-20,0,False,inclusion,trading volume,Low ESG relevance or finance-only context,2026-09-03
SONATSOFTW,Sonata Software,"Trade Spotlight: How should you trade ICICI Bank, Varun Beverages, Sonata Software, Bajaj Auto, M&M, UPL, L&T Finance, KEI Industries and others on July 22? Equity benchmark indices gained 0.5 percent",2025-07-21,-2,False,,"candlestick, resistance",Low ESG relevance or finance-only context,2026-09-03
SONATSOFTW,Sonata Software,"Trade Spotlight: How should you trade Ultratech Cement, Birlasoft, Sonata Software, Hindustan Unilever, Bharat Electronics, and others on April 29? Bulls staged a strong comeback on April 28, driving ",2025-04-29,-2,False,,"resistance, nifty",Low ESG relevance or finance-only context,2026-09-03
SONATSOFTW,Sonata Software,"Trade Spotlight: How should you trade Voltas, Sonata Software, Piramal Enterprises, Tata Motors, Redington, Coromandel, Eternal and others on July 15? Indian equity benchmarks fell a third of a percen",2025-07-14,-3,False,,"candlestick, resistance, nifty",Low ESG relevance or finance-only context,2026-09-03
SONATSOFTW,Sonata Software,"Nifty smallcap100 index extends fall for 4th straight day, Midcap index declines 0.5%; here are top gainers, losers Nifty Smallcap100 index declined for the fourth consecutive session on Tuesday as in",2025-07-22,-1,False,,nifty,Low ESG relevance or finance-only context,2026-09-03
SONATSOFTW,Sonata Software,"Midcap, smallcap indices drop up to 3% on broad-based selling: Here are the top losers The shares of midcap and smallcap companies strongly tumbled on May 6, pushing the broader market indices sharply",2025-05-06,-2,False,,"nifty, sensex",Low ESG relevance or finance-only context,2026-09-03
SONATSOFTW,Sonata Software,"Smallcap, midcap indices tumble up to 2% amid rising India-Pak tensions: MCX, RVNL, Suzlon Energy shares drop up to 5% The shares of smallcap and midcap companies strongly tumbled on May 9, pushing th",2025-05-09,-2,False,,"q4 results, nifty",Low ESG relevance or finance-only context,2026-09-03
HEXAWARE,Hexaware Technologies,Adani Group stocks trade mixed after US SEC seeks India's help in fraud probe; Adani Green down 2% Shares of Adani Group companies traded mixed on Wednesday after a Reuters news report stated that the,2025-02-19,0,False,green energy,nifty,Low ESG relevance or finance-only context,2026-09-03
HEXAWARE,Hexaware Technologies,"MSCI August rejig: Swiggy, Mazagon Dock among likely additions, $850 million inflows seen Swiggy Ltd, Mazagon Dock Shipbuilders Ltd, Hitachi Energy India Ltd, and Waaree Energies Ltd are four firms th",2025-06-17,-1,False,inclusion,"share price, brokerage",Low ESG relevance or finance-only context,2026-09-03
HEXAWARE,Hexaware Technologies,"Sensex, Nifty end flat for 3rd session; heavyweights offset pharma losses; broader market rise up to 2% Sensex and Nifty ended flat for the third session in a row ahead of the FOMC meeting minutes, se",2025-02-19,-2,False,,"nifty, sensex",Low ESG relevance or finance-only context,2026-09-03
HEXAWARE,Hexaware Technologies,"Sensex, Nifty flat ahead of FOMC minutes; mid-, small-cap indices drop up to 2% Sensex and Nifty flattened by midday on February 19 after opening lower, as investors remained cautious about stretched ",2025-02-19,-2,False,,"nifty, sensex",Low ESG relevance or finance-only context,2026-09-03
HEXAWARE,Hexaware Technologies,"MSCI Rejig: Coromandel, Nykaa join Global Standard index following May rebalancing Fertiliser company Coromandel International Ltd., and FSN E-commerce Ventures Ltd., parent of of beauty retailer Nyka",2025-05-14,0,False,inclusion,brokerage,Low ESG relevance or finance-only context,2026-09-03
